Year,Lake,Species,Michigan (MI),New York (NY),Ohio (OH),Pennsylvania (PA),U.S. Total,Canada (ONT),Grand Total,Comments
1991,Erie,American Eel,0,0,0,0,0,1,1,
1992,Erie,American Eel,0,0,0,0,0,0,0,
1993,Erie,American Eel,0,0,0,0,0,0,0,
1994,Erie,American Eel,0,0,0,0,0,0,0,
1995,Erie,American Eel,0,0,0,0,0,0,0,
1996,Erie,American Eel,0,0,0,0,0,0,0,
1997,Erie,American Eel,0,0,0,0,0,0,0,
1998,Erie,American Eel,0,0,0,0,0,0,0,
1999,Erie,American Eel,0,0,0,0,0,0,0,
1885,Erie,Blue Pike,,1166,3153,3570,7889,,7889,
1886,Erie,Blue Pike,,,,,,,,
1887,Erie,Blue Pike,,,,,,,,
1888,Erie,Blue Pike,,,,,,,,
1889,Erie,Blue Pike,,,,,,,,
1890,Erie,Blue Pike,,288,3955,3246,7489,,7489,
1891,Erie,Blue Pike,,,,,,,,
1892,Erie,Blue Pike,,,,,,,,
1893,Erie,Blue Pike,,,,,,,,
1894,Erie,Blue Pike,,,,,,,,
1895,Erie,Blue Pike,,,,,,,,
1896,Erie,Blue Pike,,,,,,,,
1897,Erie,Blue Pike,,396,1787,2669,4852,,4852,
1898,Erie,Blue Pike,,,,,,,,
1899,Erie,Blue Pike,,809,2213,1523,4545,,4545,
1900,Erie,Blue Pike,,,,,,,,
1901,Erie,Blue Pike,,,,,,,,
1902,Erie,Blue Pike,,,,,,,,
1903,Erie,Blue Pike,,1003,1733,2179,4915,,4915,
1904,Erie,Blue Pike,,,,,,,,
1905,Erie,Blue Pike,,,,,,,,
1906,Erie,Blue Pike,,,,,,,,
1907,Erie,Blue Pike,,,,,,,,
1908,Erie,Blue Pike,,1805,4004,2925,8734,,8734,
1909,Erie,Blue Pike,,,,,,,,
1910,Erie,Blue Pike,,,,,,,,
1911,Erie,Blue Pike,,,,,,,,
1912,Erie,Blue Pike,,,,,,,,
1913,Erie,Blue Pike,,39,1804,4000,5843,,5843,OH: Records cover only part of season.
1914,Erie,Blue Pike,,462,8545,2852,11859,,11859,
1915,Erie,Blue Pike,,886,13079,4796,18761,4882,23643,
1916,Erie,Blue Pike,,289,7683,1408,9380,2539,11919,
1917,Erie,Blue Pike,,18,1499,88,1605,566,2171,
1918,Erie,Blue Pike,,75,1069,79,1223,785,2008,
1919,Erie,Blue Pike,,63,1532,80,1675,2388,4063,
1920,Erie,Blue Pike,,169,3494,302,3965,3355,7320,
1921,Erie,Blue Pike,,367,5836,2741,8944,6367,15311,
1922,Erie,Blue Pike,,565,7202,2593,10360,6313,16673,
1923,Erie,Blue Pike,,642,6028,3013,9683,3194,12877,
1924,Erie,Blue Pike,,527,5363,3077,8967,2988,11955,
1925,Erie,Blue Pike,,,4047,,4047,3330,7377,
1926,Erie,Blue Pike,,2170,4234,2936,9340,2975,12315,
1927,Erie,Blue Pike,,475,4637,2190,7302,3078,10380,
1928,Erie,Blue Pike,,449,3743,627,4819,2104,6923,
1929,Erie,Blue Pike,,305,1803,713,2821,2538,5359,
1930,Erie,Blue Pike,,564,9017,2211,11792,5898,17690,
1931,Erie,Blue Pike,,1103,7849,3690,12642,5358,18000,
1932,Erie,Blue Pike,,475,7784,1607,9866,3962,13828,
1933,Erie,Blue Pike,,304,6735,1747,8786,4152,12938,
1934,Erie,Blue Pike,,459,5765,2132,8356,2298,10654,
1935,Erie,Blue Pike,,460,7142,2084,9686,5064,14750,
1936,Erie,Blue Pike,,624,16447,2837,19908,6879,26787,
1937,Erie,Blue Pike,,1638,7020,2304,10962,9355,20317,
1938,Erie,Blue Pike,,1064,6154,1442,8660,7158,15818,
1939,Erie,Blue Pike,,529,7263,1257,9049,5911,14960,
1940,Erie,Blue Pike,,97,4541,313,4951,2012,6963,
1941,Erie,Blue Pike,8,33,3029,217,3287,1544,4831,
1942,Erie,Blue Pike,4,98,5296,824,6222,4405,10627,
1943,Erie,Blue Pike,,809,8055,2364,11228,9614,20842,
1944,Erie,Blue Pike,,1526,11278,2129,14933,9390,24323,
1945,Erie,Blue Pike,,843,5167,1762,7772,6559,14331,
1946,Erie,Blue Pike,1,111,2550,351,3013,1909,4922,
1947,Erie,Blue Pike,1,78,2896,145,3120,1646,4766,
1948,Erie,Blue Pike,20,553,6957,1473,9003,5742,14745,
1949,Erie,Blue Pike,,905,10616,2479,14000,9784,23784,
1950,Erie,Blue Pike,,178,4900,1112,6190,8611,14801,
1951,Erie,Blue Pike,,109,1867,174,2150,3914,6064,
1952,Erie,Blue Pike,0,158,5531,1081,6770,7267,14037,
1953,Erie,Blue Pike,,265,6853,924,8042,10333,18375,
1954,Erie,Blue Pike,,319,4576,1349,6244,8151,14395,
1955,Erie,Blue Pike,,1634,3679,2335,7648,12037,19685,
1956,Erie,Blue Pike,,921,4703,1231,6855,12002,18857,
1957,Erie,Blue Pike,,437,2915,629,3981,6389,10370,
1958,Erie,Blue Pike,,136,366,74,576,824,1400,
1959,Erie,Blue Pike,,7,20,5,32,47,79,
1960,Erie,Blue Pike,,0,7,0,7,4,11,
1961,Erie,Blue Pike,,0,2,0,2,0,2,
1962,Erie,Blue Pike,,0,0,1,1,0,1,
1963,Erie,Blue Pike,,0,0,0,0,0,0,
1964,Erie,Blue Pike,,0,0,0,0,0,0,
1965,Erie,Blue Pike,,,0,,0,,0,
1966,Erie,Blue Pike,,,0,0,0,,0,
1967,Erie,Blue Pike,,0,0,0,0,,0,OH:Fishery closed.
1968,Erie,Blue Pike,,0,,0,0,,0,
1969,Erie,Blue Pike,,0,,0,0,,0,
1970,Erie,Blue Pike,,0,,0,0,,0,
1971,Erie,Blue Pike,,,,0,0,,0,
1978,Erie,Bowfin,0,0,0,0,0,25,25,
1979,Erie,Bowfin,0,0,0,0,0,27,27,
1980,Erie,Bowfin,0,0,0,0,0,15,15,
1981,Erie,Bowfin,0,0,0,0,0,37,37,
1982,Erie,Bowfin,0,0,0,0,0,23,23,
1983,Erie,Bowfin,0,0,0,0,0,82,82,
1984,Erie,Bowfin,0,0,0,0,0,24,24,
1985,Erie,Bowfin,0,0,0,0,0,0,0,
1986,Erie,Bowfin,0,0,0,0,0,0,0,
1987,Erie,Bowfin,0,0,0,0,0,0,0,
1988,Erie,Bowfin,0,0,0,0,0,0,0,
1989,Erie,Bowfin,0,0,0,0,0,0,0,
1990,Erie,Bowfin,0,0,0,0,0,12,12,
1991,Erie,Bowfin,0,0,0,0,0,0,0,
1992,Erie,Bowfin,0,0,0,0,0,0,0,
1993,Erie,Bowfin,0,0,0,0,0,0,0,
1994,Erie,Bowfin,0,0,0,0,0,0,0,
1995,Erie,Bowfin,0,0,0,0,0,0,0,
1996,Erie,Bowfin,0,0,0,0,0,0,0,
1997,Erie,Bowfin,0,0,0,0,0,0,0,ONT: Data is Processor weight (thousands of pounds)
1998,Erie,Bowfin,0,0,0,0,0,33,33,
1999,Erie,Bowfin,0,0,0,0,0,43,43,
2000,Erie,Bowfin,,,,,,,,
2001,Erie,Bowfin,,,,,,,,
2002,Erie,Bowfin,,,,,,,,
2003,Erie,Bowfin,,,,,,,,
2004,Erie,Bowfin,,,,,,,,
2005,Erie,Bowfin,,,,,,,,
2006,Erie,Bowfin,,,,,,,,
2007,Erie,Bowfin,,,,,,,,
2008,Erie,Bowfin,,,,,,,,
2009,Erie,Bowfin,,,,,,,,
2010,Erie,Bowfin,,,,,,0,0,
2011,Erie,Bowfin,,,,,,0,0,
2012,Erie,Bowfin,1.915,,,,1.915,17,18.915,
2013,Erie,Bowfin,,,,,,,,
2014,Erie,Bowfin,0.18,,,,0.18,,0.18,
2015,Erie,Bowfin,0.338,,,,0.338,,0.338,
2016,Erie,Bowfin,2.333,,,,2.333,,2.333,
2017,Erie,Bowfin,,,,,,,,
2018,Erie,Bowfin,,,,,,,,
2019,Erie,Bowfin,0.3,,,,0.3,,0.3,
2020,Erie,Bowfin,,,,,,,,
1978,Erie,Buffalo,21,0,36,0,57,0,57,
1979,Erie,Buffalo,19,0,33,0,52,0,52,
1980,Erie,Buffalo,36,0,29,0,65,0,65,
1981,Erie,Buffalo,30,0,32,0,62,0,62,
1982,Erie,Buffalo,22,0,36,0,58,0,58,
1983,Erie,Buffalo,8,0,44,0,52,0,52,
1984,Erie,Buffalo,1,0,59,0,60,0,60,
1985,Erie,Buffalo,1,0,78,0,79,0,79,
1986,Erie,Buffalo,15,0,53,0,68,0,68,
1987,Erie,Buffalo,18,0,50,0,68,0,68,
1988,Erie,Buffalo,9,0,45,0,54,0,54,
1989,Erie,Buffalo,20,0,73,0,93,0,93,
1990,Erie,Buffalo,40,0,132,0,172,0,172,
1991,Erie,Buffalo,0,0,203,0,203,0,203,
1992,Erie,Buffalo,0,0,397,0,397,0,397,
1993,Erie,Buffalo,0,0,320,0,320,25,345,
1994,Erie,Buffalo,0,0,295,0,295,0,295,
1995,Erie,Buffalo,0,0,270,0,270,0,270,
1996,Erie,Buffalo,0,7,330,0,337,31,368,
1997,Erie,Buffalo,92,0,322,0,414,31,445,ONT: Data is Processor weight (thousands of pounds)
1998,Erie,Buffalo,16,0,296,0,312,38,350,
1999,Erie,Buffalo,26,0,258,0,284,41,325,
2000,Erie,Buffalo,28,,162,,190,27,217,Canadian data is processor weight
2001,Erie,Buffalo,24.393,,258,,282.393,33,315.393,Canadian data is processor weight
2002,Erie,Buffalo,45.367,282,,,327.367,30,357.367,Canadian data is landed weight
2003,Erie,Buffalo,9.35,,279,,288.35,41,329.35,Canadian data is landed weight
2004,Erie,Buffalo,18.883,,223,,241.883,,241.883,
2005,Erie,Buffalo,96.621,230,,,326.621,,326.621,
2006,Erie,Buffalo,85.269,,263,,348.269,,348.269,
2007,Erie,Buffalo,215.282,,269,,484.282,,484.282,
2008,Erie,Buffalo,142.726,,227,,369.726,,369.726,
2009,Erie,Buffalo,130.301,,372,,502.301,,502.301,
2010,Erie,Buffalo,68.511,,344,,412.511,0,412.511,
2011,Erie,Buffalo,107.61,,374.73,,482.34,,482.34,
2012,Erie,Buffalo,221.257,,308.828,,530.085,,530.085,
2013,Erie,Buffalo,164.345,,214.739,,379.084,,379.084,
2014,Erie,Buffalo,136.743,,255.454,,392.197,0,392.197,
2015,Erie,Buffalo,100.135,,224.515,,324.65,,324.65,
2016,Erie,Buffalo,73.119,,184.528,,257.647,,257.647,
2017,Erie,Buffalo,21.571,,174.445,,196.016,,196.016,
2018,Erie,Buffalo,11.182,,94.318,,105.5,,105.5,
2019,Erie,Buffalo,24.787,,225.744,,250.531,,250.531,
2020,Erie,Buffalo,4.22,,213.392,,217.612,,217.612,
1913,Erie,Bullheads,,,48,,48,,48,OH: Records cover only part of season.
1914,Erie,Bullheads,,,185,,185,,185,
1915,Erie,Bullheads,,,186,,186,,186,
1916,Erie,Bullheads,,,453,,453,,453,
1917,Erie,Bullheads,,,139,,139,,139,
1918,Erie,Bullheads,,,133,,133,,133,
1919,Erie,Bullheads,39,,489,,528,,528,
1920,Erie,Bullheads,45,,128,,173,,173,
1921,Erie,Bullheads,12,,211,,223,,223,
1922,Erie,Bullheads,43,,109,,152,,152,
1923,Erie,Bullheads,,,107,,107,,107,
1924,Erie,Bullheads,2,,26,,28,,28,
1925,Erie,Bullheads,5,,,,5,,5,
1926,Erie,Bullheads,20,,,,20,,20,
1927,Erie,Bullheads,,,,,,,,
1928,Erie,Bullheads,21,,15,,36,,36,
1929,Erie,Bullheads,48,,13,,61,,61,
1930,Erie,Bullheads,57,,67,,124,,124,
1931,Erie,Bullheads,182,,197,,379,,379,
1932,Erie,Bullheads,160,,185,,345,,345,
1933,Erie,Bullheads,64,,,,64,,64,
1934,Erie,Bullheads,55,,,,55,,55,
1935,Erie,Bullheads,44,,68,,112,,112,
1936,Erie,Bullheads,24,,,,24,,24,
1937,Erie,Bullheads,33,,,,33,,33,
1938,Erie,Bullheads,30,,,,30,,30,
1939,Erie,Bullheads,36,,,,36,,36,
1940,Erie,Bullheads,43,,69,,112,,112,
1941,Erie,Bullheads,53,,,,53,,53,
1942,Erie,Bullheads,49,,,,49,,49,
1943,Erie,Bullheads,54,,,,54,,54,
1944,Erie,Bullheads,47,,,,47,,47,
1945,Erie,Bullheads,86,,,,86,,86,
1946,Erie,Bullheads,78,,319,,397,,397,
1947,Erie,Bullheads,49,,180,,229,,229,
1948,Erie,Bullheads,51,,104,,155,,155,
1949,Erie,Bullheads,40,,85,,125,,125,
1950,Erie,Bullheads,37,0,40,,77,,77,
1951,Erie,Bullheads,23,0,44,,67,,67,
1952,Erie,Bullheads,16,,58,,74,109,183,
1953,Erie,Bullheads,40,0,53,,93,113,206,
1954,Erie,Bullheads,72,,94,0,166,195,361,
1955,Erie,Bullheads,77,0,145,,222,186,408,
1956,Erie,Bullheads,91,0,113,0,204,213,417,
1957,Erie,Bullheads,52,,56,,108,182,290,
1958,Erie,Bullheads,33,0,53,1,87,122,209,
1959,Erie,Bullheads,11,0,48,0,59,62,121,
1960,Erie,Bullheads,6,0,38,0,44,38,82,
1961,Erie,Bullheads,9,,80,0,89,41,130,
1962,Erie,Bullheads,7,,113,0,120,54,174,
1963,Erie,Bullheads,4,0,121,0,125,63,188,
1964,Erie,Bullheads,5,,122,,127,34,161,
1965,Erie,Bullheads,7,,80,0,87,19,106,
1966,Erie,Bullheads,2,,55,0,57,8,65,
1967,Erie,Bullheads,1,0,27,,28,15,43,
1968,Erie,Bullheads,1,,25,0,26,15,41,
1969,Erie,Bullheads,1,0,35,0,36,19,55,
1970,Erie,Bullheads,0,0,25,0,25,42,67,
1971,Erie,Bullheads,9,0,36,0,45,45,90,
1972,Erie,Bullheads,,0,27,0,27,36,63,
1973,Erie,Bullheads,,,21,,21,70,91,
1974,Erie,Bullheads,0,,27,0,27,109,136,
1975,Erie,Bullheads,3,,31,0,34,119,153,
1976,Erie,Bullheads,1,,43,,44,97,141,
1977,Erie,Bullheads,9,,62,0,71,98,169,
1978,Erie,Bullheads,0,0,74,0,74,44,118,
1979,Erie,Bullheads,11,1,56,1,69,38,107,
1980,Erie,Bullheads,0,0,51,1,52,37,89,
1981,Erie,Bullheads,10,0,100,3,113,67,180,
1982,Erie,Bullheads,0,1,63,0,64,49,113,
1983,Erie,Bullheads,1,0,64,0,65,75,140,
1984,Erie,Bullheads,0,1,66,0,67,49,116,
1985,Erie,Bullheads,7,2,57,0,66,0,66,
1986,Erie,Bullheads,8,0,80,0,88,0,88,
1987,Erie,Bullheads,4,1,82,0,87,0,87,
1988,Erie,Bullheads,5,0,55,0,60,0,60,
1989,Erie,Bullheads,4,0,80,0,84,0,84,
1990,Erie,Bullheads,0,0,59,0,59,32,91,
1991,Erie,Bullheads,1,0,49,0,50,0,50,
1992,Erie,Bullheads,0,0,40,0,40,0,40,
1993,Erie,Bullheads,1,0,38,0,39,0,39,
1994,Erie,Bullheads,1,0,22,0,23,0,23,
1995,Erie,Bullheads,1,0,42,0,43,0,43,
1996,Erie,Bullheads,1,0,19,0.872,20.872,0,20.872,
1997,Erie,Bullheads,7,0,17,0.626,24.626,0,24.626,ONT: Data is Processor weight (thousands of pounds)
1998,Erie,Bullheads,21,0,18,0.972,39.972,5,44.972,
1999,Erie,Bullheads,71,0,25,0.619,96.619,79,175.619,
2000,Erie,Bullheads,2,,42,0.861,44.861,,44.861,Canadian data is processor weight
2001,Erie,Bullheads,1.197,,24,0.594,25.791,,25.791,
2002,Erie,Bullheads,6.5,23,0,0.018,29.518,,29.518,
2003,Erie,Bullheads,0.9,,22,0.03,22.93,,22.93,
2004,Erie,Bullheads,1.65,,10,0.286,11.936,1,12.936,Canadian data is landed weight
2005,Erie,Bullheads,5.495,17,1,0.868,24.363,1,25.363,Canadian data is landed weight
2006,Erie,Bullheads,7.277,,25,0.617,32.894,1,33.894,
2007,Erie,Bullheads,12.536,,26,0.362,38.898,0,38.898,
2008,Erie,Bullheads,31.969,,27,0.196,59.165,0,59.165,
2009,Erie,Bullheads,45.924,,32,0.018,77.942,0,77.942,
2010,Erie,Bullheads,47.612,,33,0,80.612,,80.612,
2011,Erie,Bullheads,57.67,,50.182,0,107.852,,107.852,
2012,Erie,Bullheads,24.45,0,24.14,0,48.59,23,71.59,
2013,Erie,Bullheads,8.6,,42.196,0,50.796,,50.796,
2014,Erie,Bullheads,7.556,0,19.799,0,27.355,,27.355,
2015,Erie,Bullheads,26.396,0,14.636,0,41.032,0.004,41.036,
2016,Erie,Bullheads,29.493,,26.117,0,55.61,,55.61,
2017,Erie,Bullheads,16.82,,6.108,0,22.928,0.028,22.956,
2018,Erie,Bullheads,4.645,,12.812,0,17.457,,17.457,
2019,Erie,Bullheads,14.703,,6.773,0,21.476,0.001,21.477,
2020,Erie,Bullheads,1.19,,5.555,0.03,6.775,,6.775,
1893,Erie,Burbot,,,,,32,,32,
1894,Erie,Burbot,,,,,,,,
1895,Erie,Burbot,,,,,,,,
1896,Erie,Burbot,,,,,,,,
1897,Erie,Burbot,,,,,,,,
1898,Erie,Burbot,,,,,,,,
1899,Erie,Burbot,1,0,0,,1,,1,
1900,Erie,Burbot,,,,,,,,
1901,Erie,Burbot,,,,,,,,
1902,Erie,Burbot,,,,,,,,
1903,Erie,Burbot,,,14,,14,,14,
1904,Erie,Burbot,,,,,,,,
1905,Erie,Burbot,,,,,,,,
1906,Erie,Burbot,,,,,,,,
1907,Erie,Burbot,,,,,,,,
1908,Erie,Burbot,,,100,47,147,,147,
1909,Erie,Burbot,,,,,,,,
1910,Erie,Burbot,,,,,,,,
1911,Erie,Burbot,,,,,,,,
1912,Erie,Burbot,,,,,,,,
1913,Erie,Burbot,,,40,2,42,,42,OH: Records cover only part of season.
1914,Erie,Burbot,,,104,5,109,,109,
1915,Erie,Burbot,,,44,2,46,,46,
1916,Erie,Burbot,,,237,10,247,,247,
1917,Erie,Burbot,,8,22,1,31,,31,
1918,Erie,Burbot,,9,331,15,355,,355,
1919,Erie,Burbot,1,31,389,17,438,,438,
1920,Erie,Burbot,0,45,355,16,416,,416,
1921,Erie,Burbot,0,,423,19,442,,442,
1922,Erie,Burbot,0,,251,11,262,,262,
1923,Erie,Burbot,6,,248,0,254,,254,
1924,Erie,Burbot,12,,130,,142,,142,
1925,Erie,Burbot,9,,,,9,,9,
1926,Erie,Burbot,7,,275,,282,,282,
1927,Erie,Burbot,1,,350,7,358,,358,
1928,Erie,Burbot,,6,400,4,410,,410,
1929,Erie,Burbot,,17,335,16,368,,368,
1930,Erie,Burbot,0,8,390,7,405,,405,
1931,Erie,Burbot,1,2,267,1,271,,271,
1932,Erie,Burbot,1,2,246,2,251,,251,
1933,Erie,Burbot,0,0,250,1,251,,251,
1934,Erie,Burbot,2,3,248,1,254,,254,
1935,Erie,Burbot,1,0,296,6,303,,303,
1936,Erie,Burbot,1,2,446,6,455,,455,
1937,Erie,Burbot,0,,358,12,370,,370,
1938,Erie,Burbot,0,0,234,28,262,,262,
1939,Erie,Burbot,0,2,338,38,378,,378,
1940,Erie,Burbot,0,2,338,31,371,,371,
1941,Erie,Burbot,0,2,484,25,511,,511,
1942,Erie,Burbot,0,1,346,27,374,,374,
1943,Erie,Burbot,,,375,3,378,,378,
1944,Erie,Burbot,0,0,238,,238,,238,
1945,Erie,Burbot,,0,363,8,371,,371,
1946,Erie,Burbot,,0,388,12,400,,400,
1947,Erie,Burbot,0,0,460,0,460,,460,
1948,Erie,Burbot,0,6,352,0,358,,358,
1949,Erie,Burbot,0,4,299,1,304,,304,
1950,Erie,Burbot,,14,219,2,235,,235,
1951,Erie,Burbot,0,6,178,0,184,,184,
1952,Erie,Burbot,,7,230,25,262,7,269,
1953,Erie,Burbot,0,5,148,24,177,28,205,
1954,Erie,Burbot,,9,91,19,119,14,133,
1955,Erie,Burbot,0,1,89,10,100,,100,
1956,Erie,Burbot,,6,103,11,120,,120,
1957,Erie,Burbot,0,2,145,16,163,3,166,
1958,Erie,Burbot,,6,111,42,159,,159,
1959,Erie,Burbot,,,41,19,60,,60,
1960,Erie,Burbot,,,22,2,24,7,31,
1961,Erie,Burbot,,0,6,1,7,,7,
1962,Erie,Burbot,,,2,0,2,,2,
1963,Erie,Burbot,0,0,0,2,2,2,4,
1964,Erie,Burbot,,,3,0,3,1,4,
1965,Erie,Burbot,0,,4,,4,1,5,
1966,Erie,Burbot,,,3,0,3,,3,
1967,Erie,Burbot,,,6,0,6,,6,
1968,Erie,Burbot,,,1,,1,,1,
1969,Erie,Burbot,,,0,,0,,0,
1970,Erie,Burbot,,0,0,,0,,0,
1971,Erie,Burbot,,0,,0,0,,0,
1972,Erie,Burbot,,0,,0,0,,0,
1973,Erie,Burbot,,,,,,,0,
1974,Erie,Burbot,,,,,,,0,
1975,Erie,Burbot,,,,1,1,,1,
1976,Erie,Burbot,,,,0,0,,0,
1977,Erie,Burbot,,,,,,,0,
1978,Erie,Burbot,0,0,0,0,0,0,0,
1979,Erie,Burbot,0,0,0,0,0,1,1,
1980,Erie,Burbot,0,0,0,2,2,0,2,
1981,Erie,Burbot,0,0,0,2,2,0,2,
1982,Erie,Burbot,0,0,0,0,0,0,0,
1983,Erie,Burbot,0,0,0,2,2,6,8,
1984,Erie,Burbot,0,0,0,1,1,1,2,
1985,Erie,Burbot,0,0,0,1,1,1,2,
1986,Erie,Burbot,0,0,0,3,3,2,5,
1987,Erie,Burbot,0,0,0,0,0,4,4,
1988,Erie,Burbot,0,0,0,1,1,0,1,
1989,Erie,Burbot,0,0,0,4,4,1,5,
1990,Erie,Burbot,0,0,0,15,15,2,17,
1991,Erie,Burbot,0,0,0,32,32,1,33,
1992,Erie,Burbot,0,1,0,19,20,6,26,
1993,Erie,Burbot,0,3,0,4,7,3,10,
1994,Erie,Burbot,0,3,0,12,15,7,22,
1995,Erie,Burbot,0,2,0,29,31,9,40,
1996,Erie,Burbot,0,4,0,2.262,6.262,9,15.262,
1997,Erie,Burbot,0,3,0,8.91,11.91,7,18.91,ONT: Data is Processor weight (thousands of pounds)
1998,Erie,Burbot,0,0,0,8.963,8.963,10,18.963,
1999,Erie,Burbot,0,1,0,7.943,8.943,33,41.943,
2000,Erie,Burbot,,0,,3.529,3.529,30,33.529,Canadian data is processor weight
2001,Erie,Burbot,,0,,4.359,4.359,6,10.359,Canadian data is processor weight
2002,Erie,Burbot,,,5,5.177,10.177,3,13.177,Canadian data is landed weight
2003,Erie,Burbot,,1,,1.821,2.821,2,4.821,Canadian data is landed weight
2004,Erie,Burbot,,1,,2.401,3.401,5,8.401,Canadian data is landed weight
2005,Erie,Burbot,,0,2,2.238,4.238,10,14.238,Canadian data is landed weight
2006,Erie,Burbot,,1,0,1.723,2.723,2,4.723,
2007,Erie,Burbot,,0,0,1.088,1.088,4,5.088,
2008,Erie,Burbot,,0,0,0.301,0.301,1,1.301,
2009,Erie,Burbot,,0,,0.609,0.609,4,4.609,
2010,Erie,Burbot,,1,,0.071,1.071,2,3.071,
2011,Erie,Burbot,,1,,0.017,1.017,2,3.017,
2012,Erie,Burbot,,1,0.153,0.238,1.391,0,1.391,
2013,Erie,Burbot,,0.299,0.082,0.024,0.405,0.243,0.648,
2014,Erie,Burbot,,,0.11,0.07,0.18,0.087,0.267,
2015,Erie,Burbot,,,0.238,0.499,0.737,0.13,0.867,
2016,Erie,Burbot,,0.364,0.243,0.119,0.726,0.11,0.836,
2017,Erie,Burbot,,,0.173,0.319,0.492,0.16,0.652,
2018,Erie,Burbot,,0.6,0.01,0.317,0.927,0.113,1.04,
2019,Erie,Burbot,,0.977,0.221,1.267,2.465,0.048,2.513,
2020,Erie,Burbot,,0.44,0.187,0.173,0.8,0.077,0.877,
1892,Erie,Carp,20,,,,20,,20,
1893,Erie,Carp,,,,,636,,636,
1894,Erie,Carp,226,,,,226,,226,
1895,Erie,Carp,,,,,,,,
1896,Erie,Carp,,,,,,,,
1897,Erie,Carp,,,,,,,,
1898,Erie,Carp,,,,,,,,
1899,Erie,Carp,195,10,3417,12,3634,,3634,
1900,Erie,Carp,,,,,,,,
1901,Erie,Carp,,,,,,,,
1902,Erie,Carp,,,,,,,,
1903,Erie,Carp,437,22,3058,30,3547,,3547,
1904,Erie,Carp,,,,,,,,
1905,Erie,Carp,,,,,,,,
1906,Erie,Carp,,,,,,,,
1907,Erie,Carp,,,,,,,,
1908,Erie,Carp,1684,16,7140,53,8893,90,8983,
1909,Erie,Carp,,,,,,312,312,
1910,Erie,Carp,,,,,,980,980,
1911,Erie,Carp,,,,,,645,645,
1912,Erie,Carp,718,,,,718,900,1618,
1913,Erie,Carp,384,40,1266,107,1797,375,2172,OH: Records cover only part of season.
1914,Erie,Carp,5590,74,6284,76,12024,1395,13419,
1915,Erie,Carp,2186,107,7250,71,9614,905,10519,
1916,Erie,Carp,1138,38,4631,51,5858,782,6640,
1917,Erie,Carp,1404,21,4314,55,5794,667,6461,
1918,Erie,Carp,1152,31,2978,11,4172,712,4884,
1919,Erie,Carp,876,24,2047,15,2962,378,3340,
1920,Erie,Carp,1685,71,2331,15,4102,432,4534,
1921,Erie,Carp,1661,65,4815,1,6542,345,6887,
1922,Erie,Carp,1914,59,1892,21,3886,234,4120,
1923,Erie,Carp,1236,59,1887,32,3214,286,3500,
1924,Erie,Carp,833,4,394,29,1260,289,1549,
1925,Erie,Carp,1201,,1097,,2339,244,2583,
1926,Erie,Carp,1150,2,3001,50,4203,197,4400,
1927,Erie,Carp,960,1,734,3,1698,197,1895,
1928,Erie,Carp,681,1,341,8,1031,215,1246,
1929,Erie,Carp,511,0,467,4,982,195,1177,
1930,Erie,Carp,631,21,1243,3,1898,278,2176,
1931,Erie,Carp,931,12,1459,2,2404,425,2829,
1932,Erie,Carp,1093,24,1790,7,2914,511,3425,
1933,Erie,Carp,779,,1284,4,2067,581,2648,
1934,Erie,Carp,527,18,1062,2,1609,610,2219,
1935,Erie,Carp,658,10,1279,3,1950,619,2569,
1936,Erie,Carp,679,0,2005,3,2687,361,3048,
1937,Erie,Carp,577,29,1544,3,2153,228,2381,
1938,Erie,Carp,709,38,1458,4,2209,374,2583,
1939,Erie,Carp,586,10,1843,5,2444,312,2756,
1940,Erie,Carp,461,1,2016,8,2486,298,2784,
1941,Erie,Carp,655,0,1895,4,2554,287,2841,
1942,Erie,Carp,764,0,1678,6,2448,235,2683,
1943,Erie,Carp,598,3,1625,6,2232,316,2548,
1944,Erie,Carp,599,2,1327,4,1932,191,2123,
1945,Erie,Carp,484,0,1668,1,2153,139,2292,
1946,Erie,Carp,539,,1340,1,1880,161,2041,
1947,Erie,Carp,444,0,1309,2,1755,170,1925,
1948,Erie,Carp,534,1,1059,2,1596,129,1725,
1949,Erie,Carp,555,0,1678,1,2234,163,2397,
1950,Erie,Carp,465,7,1406,1,1879,274,2153,
1951,Erie,Carp,672,,1559,0,2231,206,2437,
1952,Erie,Carp,893,,2108,1,3002,209,3211,
1953,Erie,Carp,1183,0,1793,0,2976,239,3215,
1954,Erie,Carp,1138,0,2618,1,3757,264,4021,
1955,Erie,Carp,900,,2407,1,3308,207,3515,
1956,Erie,Carp,711,0,2713,1,3425,329,3754,
1957,Erie,Carp,620,0,3146,1,3767,267,4034,
1958,Erie,Carp,997,0,3880,2,4879,265,5144,
1959,Erie,Carp,1042,2,2966,5,4015,390,4405,
1960,Erie,Carp,1341,0,3229,2,4572,304,4876,
1961,Erie,Carp,1298,0,3398,3,4699,252,4951,
1962,Erie,Carp,1276,,3487,1,4764,161,4925,
1963,Erie,Carp,833,0,2504,0,3337,195,3532,
1964,Erie,Carp,636,0,2274,0,2910,187,3097,
1965,Erie,Carp,806,0,2384,,3190,152,3342,
1966,Erie,Carp,929,0,2773,,3702,90,3792,
1967,Erie,Carp,485,2,2556,0,3043,51,3094,
1968,Erie,Carp,348,0,2385,0,2733,94,2827,
1969,Erie,Carp,432,0,2587,1,3020,190,3210,
1970,Erie,Carp,332,27,3042,0,3401,30,3431,
1971,Erie,Carp,115,0,3262,0,3377,52,3429,
1972,Erie,Carp,261,3,2987,0,3251,63,3314,
1973,Erie,Carp,254,2,2136,0,2392,60,2452,
1974,Erie,Carp,330,1,2779,,3110,42,3152,
1975,Erie,Carp,439,3,2779,,3221,64,3285,
1976,Erie,Carp,487,20,2634,0,3141,53,3194,
1977,Erie,Carp,354,2,2752,,3108,93,3201,
1978,Erie,Carp,310,1,1546,0,1857,64,1921,
1979,Erie,Carp,383,8,1981,0,2372,32,2404,
1980,Erie,Carp,545,1,1368,0,1914,23,1937,
1981,Erie,Carp,665,1,2047,0,2713,32,2745,
1982,Erie,Carp,678,1,906,0,1585,43,1628,
1983,Erie,Carp,623,0,929,0,1552,197,1749,
1984,Erie,Carp,423,0,800,0,1223,90,1313,
1985,Erie,Carp,740,0,821,6,1567,10,1577,
1986,Erie,Carp,367,0,771,0,1138,17,1155,
1987,Erie,Carp,685,0,798,0,1483,9,1492,
1988,Erie,Carp,417,0,1011,0,1428,4,1432,
1989,Erie,Carp,194,0,895,0,1089,8,1097,
1990,Erie,Carp,158,0,1190,0,1348,2,1350,
1991,Erie,Carp,198,0,1063,0,1261,10,1271,
1992,Erie,Carp,251,0,1824,0,2075,7,2082,
1993,Erie,Carp,239,0,1176,0,1415,6,1421,
1994,Erie,Carp,95,0,1439,0,1534,524,2058,
1995,Erie,Carp,329,0,1517,0,1846,273,2119,
1996,Erie,Carp,388,0,1401,,1789,246,2035,
1997,Erie,Carp,325,0,1413,0.096,1738.096,12,1750.096,ONT: Data is Processor weight (thousands of pounds)
1998,Erie,Carp,620,0,1336,0.132,1956.132,41,1997.132,
1999,Erie,Carp,211,0,1111,,1322,261,1583,
2000,Erie,Carp,313,,956,,1269,215,1484,Canadian data is processor weight
2001,Erie,Carp,185.495,,858,,1043.495,80,1123.495,Canadian data is processor weight
2002,Erie,Carp,336.82,524,0,,860.82,52,912.82,Canadian data is landed weight
2003,Erie,Carp,65.02,,582,,647.02,0,647.02,Canadian data is landed weight
2004,Erie,Carp,97.38,,452,,549.38,8,557.38,Canadian data is landed weight
2005,Erie,Carp,319.7,340,0,,659.7,9,668.7,Canadian data is landed weight
2006,Erie,Carp,378.123,,271,,649.123,13,662.123,
2007,Erie,Carp,241.356,,322,,563.356,4,567.356,
2008,Erie,Carp,204.881,,199,,403.881,5,408.881,
2009,Erie,Carp,198.942,,249,,447.942,6,453.942,
2010,Erie,Carp,176.749,,256,,432.749,2,434.749,
2011,Erie,Carp,401.034,,208.262,0.003,609.299,3,612.299,
2012,Erie,Carp,509.697,,199.653,,709.35,9,718.35,
2013,Erie,Carp,256.606,,146.319,,402.925,1.11,404.035,
2014,Erie,Carp,353.979,,84.935,,438.914,1.932,440.846,
2015,Erie,Carp,227.946,,81.241,,309.187,5.356,314.543,
2016,Erie,Carp,187.838,,90.862,,278.7,8.68,287.38,
2017,Erie,Carp,46.707,,49.408,0.01,96.125,3.404,99.529,
2018,Erie,Carp,34.721,,37.358,,72.079,7.019,79.098,
2019,Erie,Carp,37.876,,68.304,,106.18,5.384,111.564,
2020,Erie,Carp,8.356,,59.493,,67.849,4.822,72.671,
1913,Erie,Channel Catfish,,,110,,110,,110,OH: Records cover only part of season.
1914,Erie,Channel Catfish,,,584,,584,,584,
1915,Erie,Channel Catfish,,,405,,405,,405,
1916,Erie,Channel Catfish,,,794,,794,,794,
1917,Erie,Channel Catfish,,,2051,,2051,,2051,
1918,Erie,Channel Catfish,,,287,,287,,287,
1919,Erie,Channel Catfish,5,,558,,563,,563,
1920,Erie,Channel Catfish,5,,552,,557,,557,
1921,Erie,Channel Catfish,27,,1172,,1199,,1199,
1922,Erie,Channel Catfish,14,,539,,553,,553,
1923,Erie,Channel Catfish,,,530,,530,,530,
1924,Erie,Channel Catfish,10,,238,,248,,248,
1925,Erie,Channel Catfish,11,,,,11,,11,
1926,Erie,Channel Catfish,10,,,,10,,10,
1927,Erie,Channel Catfish,,,,,,,,
1928,Erie,Channel Catfish,8,,213,,221,,221,
1929,Erie,Channel Catfish,14,,201,,215,,215,
1930,Erie,Channel Catfish,7,,171,,178,,178,
1931,Erie,Channel Catfish,10,,108,,118,,118,
1932,Erie,Channel Catfish,16,,248,,264,,264,
1933,Erie,Channel Catfish,9,,,,9,,9,
1934,Erie,Channel Catfish,10,,,,10,,10,
1935,Erie,Channel Catfish,15,,422,,437,,437,
1936,Erie,Channel Catfish,12,,,,12,,12,
1937,Erie,Channel Catfish,11,,,,11,,11,
1938,Erie,Channel Catfish,22,,,,22,,22,
1939,Erie,Channel Catfish,18,,,,18,,18,
1940,Erie,Channel Catfish,28,,,,28,,28,
1941,Erie,Channel Catfish,21,,,,21,,21,
1942,Erie,Channel Catfish,40,,,,40,,40,
1943,Erie,Channel Catfish,63,,,,63,,63,
1944,Erie,Channel Catfish,35,,,,35,,35,
1945,Erie,Channel Catfish,44,,,,44,,44,
1946,Erie,Channel Catfish,37,0,657,1,695,,695,
1947,Erie,Channel Catfish,41,0,708,0,749,,749,
1948,Erie,Channel Catfish,27,1,625,0,653,,653,
1949,Erie,Channel Catfish,27,1,839,0,867,,867,
1950,Erie,Channel Catfish,24,1,965,0,990,,990,
1951,Erie,Channel Catfish,25,0,1258,0,1283,,1283,
1952,Erie,Channel Catfish,28,0,1492,2,1522,239,1761,
1953,Erie,Channel Catfish,19,2,1330,0,1351,167,1518,
1954,Erie,Channel Catfish,33,1,1845,1,1880,172,2052,
1955,Erie,Channel Catfish,76,0,1871,1,1948,148,2096,
1956,Erie,Channel Catfish,86,1,1573,0,1660,129,1789,
1957,Erie,Channel Catfish,57,2,1493,3,1555,122,1677,
1958,Erie,Channel Catfish,73,1,1395,3,1472,198,1670,
1959,Erie,Channel Catfish,89,1,1337,2,1429,192,1621,
1960,Erie,Channel Catfish,93,0,1525,1,1619,164,1783,
1961,Erie,Channel Catfish,86,1,1538,1,1626,128,1754,
1962,Erie,Channel Catfish,52,1,1072,1,1126,176,1302,
1963,Erie,Channel Catfish,41,0,1049,0,1090,156,1246,
1964,Erie,Channel Catfish,48,0,1115,1,1164,171,1335,
1965,Erie,Channel Catfish,50,0,939,1,990,121,1111,
1966,Erie,Channel Catfish,32,0,711,0,743,159,902,
1967,Erie,Channel Catfish,31,1,623,0,655,125,780,
1968,Erie,Channel Catfish,22,1,746,0,769,92,861,
1969,Erie,Channel Catfish,21,1,713,1,736,102,838,
1970,Erie,Channel Catfish,2,0,527,0,529,49,578,
1971,Erie,Channel Catfish,,1,627,0,628,101,729,
1972,Erie,Channel Catfish,12,0,672,0,684,88,772,
1973,Erie,Channel Catfish,11,0,243,0,254,113,367,"OH: Minimum size limit changed from 14'' to 15.5'', 3 March 1973."
1974,Erie,Channel Catfish,10,0,300,0,310,88,398,
1975,Erie,Channel Catfish,14,1,258,1,274,160,434,
1976,Erie,Channel Catfish,37,0,223,1,261,80,341,
1977,Erie,Channel Catfish,52,0,256,,308,54,362,
1978,Erie,Channel Catfish,23,0,205,0,228,98,326,
1979,Erie,Channel Catfish,26,1,240,0,267,82,349,
1980,Erie,Channel Catfish,21,0,252,1,274,87,361,
1981,Erie,Channel Catfish,49,0,263,1,313,100,413,
1982,Erie,Channel Catfish,20,0,218,1,239,70,309,
1983,Erie,Channel Catfish,29,0,216,0,245,80,325,
1984,Erie,Channel Catfish,9,0,303,1,313,61,374,
1985,Erie,Channel Catfish,9,0,264,1,274,30,304,
1986,Erie,Channel Catfish,11,0,262,0,273,46,319,
1987,Erie,Channel Catfish,40,0,272,0,312,49,361,
1988,Erie,Channel Catfish,15,1,244,0,260,64,324,
1989,Erie,Channel Catfish,11,0,342,0,353,43,396,
1990,Erie,Channel Catfish,2,0,365,0,367,44,411,
1991,Erie,Channel Catfish,2,0,376,0,378,43,421,
1992,Erie,Channel Catfish,5,0,333,0,338,44,382,
1993,Erie,Channel Catfish,9,0,326,0,335,38,373,
1994,Erie,Channel Catfish,6,0,370,0,376,44,420,
1995,Erie,Channel Catfish,16,0,382,0,398,27,425,
1996,Erie,Channel Catfish,25,0,421,6.848,452.848,34,486.848,
1997,Erie,Channel Catfish,18,0,313,3.806,334.806,0,334.806,ONT: Data is Processor weight (thousands of pounds)
1998,Erie,Channel Catfish,17,0,302,2.125,321.125,12,333.125,
1999,Erie,Channel Catfish,8,0,318,1.877,327.877,9,336.877,
2000,Erie,Channel catfish,14,,261,1.269,276.269,4,280.269,Canadian data is processor weight
2001,Erie,Channel catfish,16.328,,322,0.601,338.929,4,342.929,Canadian data is processor weight
2002,Erie,Channel catfish,39.778,312,0,0.452,352.23,4,356.23,Canadian data is landed weight
2003,Erie,Channel catfish,7.89,0,319,0.073,326.963,5,331.963,Canadian data is landed weight
2004,Erie,Channel catfish,23.6,,261,0.072,284.672,8,292.672,Canadian data is landed weight
2005,Erie,Channel catfish,15.657,310,1,0.88,327.537,10,337.537,Canadian data is landed weight
2006,Erie,Channel catfish,42.931,,385,0.292,428.223,16,444.223,
2007,Erie,Channel catfish,98.979,,342,0.159,441.138,10,451.138,
2008,Erie,Channel catfish,71.385,,447,0.129,518.514,10,528.514,
2009,Erie,Channel catfish,64.725,,407,,471.725,29,500.725,
2010,Erie,Channel catfish,64.913,,453,,517.913,13,530.913,
2011,Erie,Channel catfish,138.54,0,520.811,0.001,659.352,18,677.352,
2012,Erie,Channel catfish,135.002,0,372.242,0.514,507.758,30,537.758,
2013,Erie,Channel catfish,102.197,0,461.658,,563.855,23.833,587.688,
2014,Erie,Channel catfish,117.835,0,419.853,0.01,537.698,20.277,557.975,
2015,Erie,Channel catfish,144.5,1,419.732,3.515,568.747,48.858,617.605,
2016,Erie,Channel catfish,155.315,,376.613,0.966,532.894,39.551,572.445,
2017,Erie,Channel catfish,81.639,,361.66,1.755,445.054,32.764,477.818,
2018,Erie,Channel catfish,51.828,,343.976,0.165,395.969,23.427,419.396,
2019,Erie,Channel catfish,102.491,,460.818,0.303,563.612,21.816,585.428,
2020,Erie,Channel catfish,23.183,,504.127,6.493,533.803,19.249,553.052,
1885,Erie,Channel Catfish and Bullheads,214,36,2452,100,2802,,2802,
1886,Erie,Channel Catfish and Bullheads,,,,,,,,
1887,Erie,Channel Catfish and Bullheads,,,,,,,,
1888,Erie,Channel Catfish and Bullheads,,,,,,,,
1889,Erie,Channel Catfish and Bullheads,169,88,941,54,1252,,1252,
1890,Erie,Channel Catfish and Bullheads,180,277,1348,121,1926,,1926,
1891,Erie,Channel Catfish and Bullheads,16,,,,16,,,
1892,Erie,Channel Catfish and Bullheads,8,,,,8,,,
1893,Erie,Channel Catfish and Bullheads,19,,,,777,,777,
1894,Erie,Channel Catfish and Bullheads,28,,,,28,,28,
1895,Erie,Channel Catfish and Bullheads,28,,,,28,,28,
1896,Erie,Channel Catfish and Bullheads,111,,,,111,14,125,
1897,Erie,Channel Catfish and Bullheads,35,,,,35,28,63,
1898,Erie,Channel Catfish and Bullheads,37,,,,37,28,65,
1899,Erie,Channel Catfish and Bullheads,28,136,704,101,969,33,1002,
1900,Erie,Channel Catfish and Bullheads,40,,,,40,48,88,
1901,Erie,Channel Catfish and Bullheads,52,,,,52,51,103,
1902,Erie,Channel Catfish and Bullheads,48,,,,48,34,82,
1903,Erie,Channel Catfish and Bullheads,59,3,145,12,219,42,261,
1904,Erie,Channel Catfish and Bullheads,33,,,,33,47,80,
1905,Erie,Channel Catfish and Bullheads,61,,,,61,36,97,
1906,Erie,Channel Catfish and Bullheads,51,,,,51,34,85,
1907,Erie,Channel Catfish and Bullheads,38,,,,38,31,69,
1908,Erie,Channel Catfish and Bullheads,39,14,467,11,531,19,550,
1909,Erie,Channel Catfish and Bullheads,,,,,,31,31,
1910,Erie,Channel Catfish and Bullheads,,,,,,30,30,
1911,Erie,Channel Catfish and Bullheads,,,,,,50,50,
1912,Erie,Channel Catfish and Bullheads,,,,,,53,53,
1913,Erie,Channel Catfish and Bullheads,,,158,3,161,27,188,OH: Records cover only part of season.
1914,Erie,Channel Catfish and Bullheads,,,769,2,771,163,934,
1915,Erie,Channel Catfish and Bullheads,,,590,1,591,38,629,
1916,Erie,Channel Catfish and Bullheads,,,1246,0,1246,23,1269,
1917,Erie,Channel Catfish and Bullheads,,1,2190,1,2192,37,2229,
1918,Erie,Channel Catfish and Bullheads,,1,420,0,421,47,468,
1919,Erie,Channel Catfish and Bullheads,44,2,1047,0,1093,34,1127,
1920,Erie,Channel Catfish and Bullheads,49,,681,0,730,42,772,
1921,Erie,Channel Catfish and Bullheads,39,,1383,0,1422,46,1468,
1922,Erie,Channel Catfish and Bullheads,56,,648,0,704,58,762,
1923,Erie,Channel Catfish and Bullheads,4,,637,0,641,58,699,
1924,Erie,Channel Catfish and Bullheads,12,,264,0,276,57,333,
1925,Erie,Channel Catfish and Bullheads,16,,,,690,37,727,
1926,Erie,Channel Catfish and Bullheads,30,0,681,2,713,26,739,
1927,Erie,Channel Catfish and Bullheads,18,0,536,3,557,42,599,
1928,Erie,Channel Catfish and Bullheads,29,0,228,6,263,53,316,
1929,Erie,Channel Catfish and Bullheads,62,1,213,1,277,117,394,
1930,Erie,Channel Catfish and Bullheads,64,3,238,9,314,103,417,
1931,Erie,Channel Catfish and Bullheads,193,1,304,11,509,142,651,
1932,Erie,Channel Catfish and Bullheads,176,2,433,3,614,83,697,
1933,Erie,Channel Catfish and Bullheads,72,1,914,10,997,100,1097,
1934,Erie,Channel Catfish and Bullheads,65,2,497,4,568,72,640,
1935,Erie,Channel Catfish and Bullheads,59,1,489,3,552,64,616,
1936,Erie,Channel Catfish and Bullheads,36,1,535,3,575,71,646,
1937,Erie,Channel Catfish and Bullheads,44,1,755,4,804,57,861,
1938,Erie,Channel Catfish and Bullheads,52,1,409,2,464,78,542,
1939,Erie,Channel Catfish and Bullheads,54,1,374,3,432,110,542,
1940,Erie,Channel Catfish and Bullheads,71,1,483,4,559,129,688,
1941,Erie,Channel Catfish and Bullheads,74,0,639,3,716,109,825,
1942,Erie,Channel Catfish and Bullheads,89,0,877,2,968,61,1029,
1943,Erie,Channel Catfish and Bullheads,117,0,1035,1,1153,63,1216,
1944,Erie,Channel Catfish and Bullheads,83,0,814,1,898,83,981,
1945,Erie,Channel Catfish and Bullheads,130,0,1023,1,1154,72,1226,
1946,Erie,Channel Catfish and Bullheads,115,0,976,1,1092,74,1166,
1947,Erie,Channel Catfish and Bullheads,91,0,889,0,980,93,1073,
1948,Erie,Channel Catfish and Bullheads,78,1,729,0,808,115,923,
1949,Erie,Channel Catfish and Bullheads,67,1,924,0,992,89,1081,
1950,Erie,Channel Catfish and Bullheads,61,1,1004,0,1066,79,1145,
1951,Erie,Channel Catfish and Bullheads,48,1,1302,0,1351,116,1467,
1990,Erie,Channel Catfish and Bullheads,,,,,,43,43,
1991,Erie,Channel Catfish and Bullheads,,,,,,43,43,
1992,Erie,Channel Catfish and Bullheads,,,,,,44,44,
1993,Erie,Channel Catfish and Bullheads,,,,,,38,38,
1994,Erie,Channel Catfish and Bullheads,,,,,,44,44,
1995,Erie,Channel Catfish and Bullheads,,,,,,27,27,
1996,Erie,Channel Catfish and Bullheads,,,,,,34,34,
1867,Erie,Cisco,,,,,,2,2,
1868,Erie,Cisco,,,,,,2,2,
1869,Erie,Cisco,,,,,,30,30,
1870,Erie,Cisco,,,,,,31,31,
1871,Erie,Cisco,,,,,,44,44,
1872,Erie,Cisco,,,,,,96,96,
1873,Erie,Cisco,,,,,,162,162,
1874,Erie,Cisco,,,,,,293,293,
1875,Erie,Cisco,,,,,,323,323,
1876,Erie,Cisco,,,,,,670,670,
1877,Erie,Cisco,,,,,,563,563,
1878,Erie,Cisco,,,,,,619,619,
1879,Erie,Cisco,,,,,,575,575,
1880,Erie,Cisco,,,,,,882,882,
1881,Erie,Cisco,,,,,,1868,1868,
1882,Erie,Cisco,,,,,,2008,2008,
1883,Erie,Cisco,,,,,,2255,2255,
1884,Erie,Cisco,,,,,,2763,2763,
1885,Erie,Cisco,837,83,15038,3397,19355,5951,25306,
1886,Erie,Cisco,,,,,,3422,3422,
1887,Erie,Cisco,,,,,,6303,6303,
1888,Erie,Cisco,,,,,,5934,5934,
1889,Erie,Cisco,455,1408,28732,6606,37201,6903,44104,
1890,Erie,Cisco,1458,1807,27889,8013,39167,5393,44560,
1891,Erie,Cisco,335,,,,,5543,5543,
1892,Erie,Cisco,208,,,,,6126,6126,
1893,Erie,Cisco,58,,,,21062,6043,27105,
1894,Erie,Cisco,40,,,,,5224,5224,
1895,Erie,Cisco,16,,,,,5140,5140,
1896,Erie,Cisco,110,,,,,4275,4275,
1897,Erie,Cisco,8,898,11721,6941,19567,5536,25103,
1898,Erie,Cisco,45,,,,,4860,4860,
1899,Erie,Cisco,18,3322,19346,10742,33428,6277,39705,
1900,Erie,Cisco,11,,,,,6527,6527,
1901,Erie,Cisco,15,,,,,4860,4860,
1902,Erie,Cisco,10,,,,,2518,2518,
1903,Erie,Cisco,8,1505,1531,5750,8794,1728,10522,
1904,Erie,Cisco,3,,,,,2650,2650,
1905,Erie,Cisco,11,,,,,3015,3015,
1906,Erie,Cisco,4,,,,,2845,2845,
1907,Erie,Cisco,6,,,,,2821,2821,
1908,Erie,Cisco,2,2009,4792,3796,10599,5301,15900,
1909,Erie,Cisco,,,,,,4677,4677,
1910,Erie,Cisco,,,,,,6960,6960,
1911,Erie,Cisco,,,,,,9955,9955,
1912,Erie,Cisco,3,,,,,13956,13956,
1913,Erie,Cisco,2,2915,1927,7670,,11651,11651,OH: records cover only part of fishing season
1914,Erie,Cisco,2,3800,4837,5469,14108,6236,20344,
1915,Erie,Cisco,0,4685,3131,8162,15978,5595,21573,
1916,Erie,Cisco,42,2817,2224,3254,8337,5234,13571,
1917,Erie,Cisco,1,865,13366,5222,19454,14170,33624,
1918,Erie,Cisco,4,3313,8877,23095,35289,13532,48821,
1919,Erie,Cisco,0,3933,8913,5900,18746,7427,26173,
1920,Erie,Cisco,0,2438,4094,6361,12893,9651,22544,
1921,Erie,Cisco,,2339,4055,8570,14964,5225,20189,
1922,Erie,Cisco,2,3803,801,9417,14023,6306,20329,
1923,Erie,Cisco,2,5781,798,14349,20930,9241,30171,
1924,Erie,Cisco,3,7626,215,13449,21293,10908,32201,
1925,Erie,Cisco,4,,63,,2817,2940,5757,
1926,Erie,Cisco,,216,107,1126,1449,1573,3022,
1927,Erie,Cisco,,612,113,1625,2350,2309,4659,
1928,Erie,Cisco,,238,24,356,618,1273,1891,
1929,Erie,Cisco,,14,26,88,128,361,489,
1930,Erie,Cisco,,59,57,230,346,507,853,
1931,Erie,Cisco,,177,41,128,346,949,1295,
1932,Erie,Cisco,,27,50,83,160,851,1011,
1933,Erie,Cisco,,9,22,104,135,178,313,
1934,Erie,Cisco,,10,30,70,110,236,346,
1935,Erie,Cisco,,6,10,55,71,96,167,
1936,Erie,Cisco,0,2,13,53,68,79,147,
1937,Erie,Cisco,,6,2,57,65,99,164,
1938,Erie,Cisco,,397,41,372,810,1375,2185,
1939,Erie,Cisco,,412,77,228,717,1973,2690,
1940,Erie,Cisco,,11,17,34,62,585,647,
1941,Erie,Cisco,,1,9,38,48,116,164,
1942,Erie,Cisco,,1,10,15,26,62,88,
1943,Erie,Cisco,,2,15,10,27,56,83,
1944,Erie,Cisco,,17,24,58,99,336,435,
1945,Erie,Cisco,1,878,677,1209,2765,6445,9210,
1946,Erie,Cisco,,2124,1579,2936,6639,9525,16164,
1947,Erie,Cisco,,286,448,443,1177,2485,3662,
1948,Erie,Cisco,,19,95,100,214,603,817,
1949,Erie,Cisco,,4,57,28,89,393,482,
1950,Erie,Cisco,,3,186,57,246,645,891,
1951,Erie,Cisco,,13,93,44,150,323,473,
1952,Erie,Cisco,,5,21,30,56,329,385,
1953,Erie,Cisco,,6,26,33,65,234,299,
1954,Erie,Cisco,,12,48,40,100,281,381,
1955,Erie,Cisco,,0,19,14,33,96,129,
1956,Erie,Cisco,,1,12,46,59,194,253,
1957,Erie,Cisco,,2,9,11,22,104,126,
1958,Erie,Cisco,,0,9,5,14,62,76,
1959,Erie,Cisco,0,1,9,6,16,39,55,
1960,Erie,Cisco,,1,7,4,12,6,18,
1961,Erie,Cisco,,2,3,1,6,3,9,
1962,Erie,Cisco,,4,1,0,5,2,7,
1963,Erie,Cisco,,1,0,0,1,2,3,
1964,Erie,Cisco,,0,1,0,1,2,3,
1965,Erie,Cisco,,,1,,1,,1,
1966,Erie,Cisco,,0,0,0,0,0,0,
1967,Erie,Cisco,,,0,0,0,0,0,
1968,Erie,Cisco,,,0,,0,0,0,
1969,Erie,Cisco,,0,,0,0,,0,
1970,Erie,Cisco,,0,,0,0,,0,
1971,Erie,Cisco,,,,,,,0,
1972,Erie,Cisco,,,,0,0,0,0,
1973,Erie,Cisco,,,,0,0,,0,
1974,Erie,Cisco,,,,,,,0,
1975,Erie,Cisco,,,,0,0,,0,
1976,Erie,Cisco,,,,,,,0,
1977,Erie,Cisco,,0,,,0,,0,
2012,Erie,Cisco,,,,,,0,0,
2013,Erie,Cisco,,,,,,,0,
2014,Erie,Cisco,,,,,,0,0,
2015,Erie,Cisco,,,,,,,,
2016,Erie,Cisco,,,,,,,,
2017,Erie,Cisco,,,,,,,,
2018,Erie,Cisco,,,,,,,,
2019,Erie,Cisco,,,,,,,,
2020,Erie,Cisco,,,,,,,,
1998,Erie,Crappie,,,,,0,5,5,
1999,Erie,Crappie,,,,,0,7,7,
2011,Erie,Crappie,,,,,,0,0,
1899,Erie,Freshwater Drum,35,10,1044,58,1147,,1147,
1900,Erie,Freshwater Drum,,,,,,,,
1901,Erie,Freshwater Drum,,,,,,,,
1902,Erie,Freshwater Drum,,,,,,,,
1903,Erie,Freshwater Drum,140,1,442,60,643,,643,
1904,Erie,Freshwater Drum,,,,,,,,
1905,Erie,Freshwater Drum,,,,,,,,
1906,Erie,Freshwater Drum,,,,,,,,
1907,Erie,Freshwater Drum,,,,,,,,
1908,Erie,Freshwater Drum,154,,1207,33,1394,,1394,
1909,Erie,Freshwater Drum,,,,,,,,
1910,Erie,Freshwater Drum,,,,,,,,
1911,Erie,Freshwater Drum,,,,,,,,
1912,Erie,Freshwater Drum,,,,,,,,
1913,Erie,Freshwater Drum,,,596,,596,,596,OH: Records cover only part of season.
1914,Erie,Freshwater Drum,,,2282,,2282,,2282,
1915,Erie,Freshwater Drum,,,2212,,2212,,2212,
1916,Erie,Freshwater Drum,,,2384,,2384,,2384,
1917,Erie,Freshwater Drum,,,3013,,3013,,3013,
1918,Erie,Freshwater Drum,,,2982,,2982,,2982,
1919,Erie,Freshwater Drum,92,,2027,,2119,,2119,
1920,Erie,Freshwater Drum,68,,1858,,1926,,1926,
1921,Erie,Freshwater Drum,57,,2784,,2841,,2841,
1922,Erie,Freshwater Drum,25,,1346,,1371,,1371,
1923,Erie,Freshwater Drum,40,,1416,,1456,,1456,
1924,Erie,Freshwater Drum,26,,2263,,2289,,2289,
1925,Erie,Freshwater Drum,41,,,,41,,41,
1926,Erie,Freshwater Drum,45,,1168,,1213,,1213,
1927,Erie,Freshwater Drum,219,,4066,34,4319,,4319,
1928,Erie,Freshwater Drum,30,,2855,33,2918,,2918,
1929,Erie,Freshwater Drum,104,1,2860,5,2970,,2970,
1930,Erie,Freshwater Drum,63,,2800,23,2886,,2886,
1931,Erie,Freshwater Drum,57,,1545,23,1625,,1625,
1932,Erie,Freshwater Drum,62,,2069,14,2145,,2145,
1933,Erie,Freshwater Drum,138,,2852,17,3007,,3007,
1934,Erie,Freshwater Drum,72,,2158,11,2241,,2241,
1935,Erie,Freshwater Drum,68,,2270,12,2350,,2350,
1936,Erie,Freshwater Drum,93,,3396,11,3500,,3500,
1937,Erie,Freshwater Drum,75,0,3960,24,4059,,4059,
1938,Erie,Freshwater Drum,133,0,3239,20,3392,,3392,
1939,Erie,Freshwater Drum,168,1,3298,27,3494,,3494,
1940,Erie,Freshwater Drum,123,1,2791,46,2961,,2961,
1941,Erie,Freshwater Drum,119,1,3499,27,3646,,3646,
1942,Erie,Freshwater Drum,169,0,4323,56,4548,,4548,
1943,Erie,Freshwater Drum,155,0,4320,38,4513,,4513,
1944,Erie,Freshwater Drum,121,0,2304,27,2452,,2452,
1945,Erie,Freshwater Drum,92,0,4308,5,4405,,4405,
1946,Erie,Freshwater Drum,82,,4178,5,4265,,4265,
1947,Erie,Freshwater Drum,110,,3113,8,3231,,3231,
1948,Erie,Freshwater Drum,80,0,3587,8,3675,724,4399,
1949,Erie,Freshwater Drum,65,,3011,9,3085,439,3524,
1950,Erie,Freshwater Drum,73,1,2215,9,2298,738,3036,
1951,Erie,Freshwater Drum,81,0,3503,8,3592,1005,4597,
1952,Erie,Freshwater Drum,32,1,3513,9,3555,1073,4628,
1953,Erie,Freshwater Drum,19,2,1896,7,1924,772,2696,
1954,Erie,Freshwater Drum,29,0,1691,9,1729,773,2502,
1955,Erie,Freshwater Drum,28,0,1576,10,1614,786,2400,
1956,Erie,Freshwater Drum,44,1,1878,0,1923,713,2636,
1957,Erie,Freshwater Drum,65,2,3719,10,3796,789,4585,
1958,Erie,Freshwater Drum,41,3,2744,29,2817,1727,4544,
1959,Erie,Freshwater Drum,65,9,4485,49,4608,1328,5936,
1960,Erie,Freshwater Drum,108,5,4973,13,5099,1468,6567,
1961,Erie,Freshwater Drum,94,12,5632,26,5764,1116,6880,
1962,Erie,Freshwater Drum,82,3,3431,8,3524,1037,4561,
1963,Erie,Freshwater Drum,71,6,4045,4,4126,1412,5538,
1964,Erie,Freshwater Drum,100,1,4423,26,4550,752,5302,
1965,Erie,Freshwater Drum,92,1,3988,5,4086,980,5066,
1966,Erie,Freshwater Drum,94,3,2058,1,2156,940,3096,
1967,Erie,Freshwater Drum,96,9,2452,3,2560,494,3054,
1968,Erie,Freshwater Drum,83,6,3055,1,3145,651,3796,
1969,Erie,Freshwater Drum,40,24,1993,3,2060,339,2399,
1970,Erie,Freshwater Drum,4,3,1038,3,1048,260,1308,ONT: Fishing pressure decreased in the Essex and Kent county when the walleye and white bass fisheries were closed due to mercury contamination.  Those fisheries were reopened in 1973.
1971,Erie,Freshwater Drum,0,9,826,5,840,93,933,OH: Changing market demand resulted in the shift of fishing pressure to more highly valued species.
1972,Erie,Freshwater Drum,7,6,896,8,917,272,1189,
1973,Erie,Freshwater Drum,22,23,950,2,997,508,1505,
1974,Erie,Freshwater Drum,3,22,668,,693,361,1054,
1975,Erie,Freshwater Drum,2,69,780,2,853,331,1184,
1976,Erie,Freshwater Drum,4,7,952,8,971,341,1312,
1977,Erie,Freshwater Drum,4,21,805,3,833,400,1233,
1978,Erie,Freshwater Drum,2,9,1189,14,1214,351,1565,
1979,Erie,Freshwater Drum,0,29,1271,33,1333,272,1605,
1980,Erie,Freshwater Drum,0,6,903,155,1064,336,1400,
1981,Erie,Freshwater Drum,0,8,1051,223,1282,447,1729,
1982,Erie,Freshwater Drum,1,41,782,241,1065,421,1486,
1983,Erie,Freshwater Drum,4,36,878,89,1007,321,1328,
1984,Erie,Freshwater Drum,0,75,583,78,736,360,1096,
1985,Erie,Freshwater Drum,1,77,489,102,669,476,1145,
1986,Erie,Freshwater Drum,2,0,710,87,799,340,1139,
1987,Erie,Freshwater Drum,2,0,938,37,977,285,1262,
1988,Erie,Freshwater Drum,1,0,655,49,705,386,1091,
1989,Erie,Freshwater Drum,0,0,485,23,508,333,841,
1990,Erie,Freshwater Drum,0,0,640,18,658,193,851,
1991,Erie,Freshwater Drum,0,0,503,12,515,296,811,
1992,Erie,Freshwater Drum,0,0,604,13,617,282,899,
1993,Erie,Freshwater Drum,1,0,774,12,787,372,1159,
1994,Erie,Freshwater Drum,0,0,739,22,761,444,1205,
1995,Erie,Freshwater Drum,40,0,692,19,751,279,1030,
1996,Erie,Freshwater Drum,48,0,552,0.234,600.234,157,757.234,
1997,Erie,Freshwater Drum,9,0,705,1.117,715.117,166,881.117,ONT: Data is Processor weight (thousands of pounds)
1998,Erie,Freshwater Drum,25,0,554,0.628,579.628,155,734.628,
1999,Erie,Freshwater Drum,0,0,35,0.677,35.677,161,196.677,
2000,Erie,Freshwater Drum,,,429,0.567,429.567,97,526.567,Canadian data is processor weight
2001,Erie,Freshwater Drum,2.935,,285,0.381,288.316,79,367.316,Canadian data is processor weight
2002,Erie,Freshwater Drum,4.035,249,0,0.389,253.424,84,337.424,Canadian data is landed weight
2003,Erie,Freshwater Drum,,,261,0.936,261.936,66,327.936,Canadian data is landed weight
2004,Erie,Freshwater Drum,,,296,1.486,297.486,76,373.486,Canadian data is landed weight
2005,Erie,Freshwater Drum,0.331,439,3,3.05,445.381,136,581.381,Canadian data is landed weight
2006,Erie,Freshwater Drum,7.876,0,412,2.775,422.651,117,539.651,
2007,Erie,Freshwater Drum,67.072,,321,3.486,391.558,40,431.558,
2008,Erie,Freshwater Drum,137.304,,424,3.73,565.034,68,633.034,
2009,Erie,Freshwater Drum,116.384,0,543,6.648,666.032,191,857.032,
2010,Erie,Freshwater Drum,130.533,,492,2.04,624.573,164,788.573,
2011,Erie,Freshwater Drum,227.873,,438.581,0.081,666.535,276,942.535,
2012,Erie,Freshwater Drum,137.677,0,514.31,0.076,652.063,87,739.063,
2013,Erie,Freshwater Drum,73.161,0,453.731,,526.892,88.447,615.339,
2014,Erie,Freshwater Drum,81.734,,371.623,,453.357,136.562,589.919,
2015,Erie,Freshwater Drum,128.51,,903.341,3.4,1035.251,230.319,1265.57,
2016,Erie,Freshwater Drum,17.282,,689.474,,706.756,302.247,1009.003,
2017,Erie,Freshwater Drum,9.777,,510.902,,520.679,258.059,778.738,
2018,Erie,Freshwater Drum,4.549,,550.398,0.049,554.996,165.39,720.386,
2019,Erie,Freshwater Drum,13.909,,645.203,0.02,659.132,121.575,780.707,
2020,Erie,Freshwater Drum,1.397,,739.98,0.469,741.846,123.093,864.939,
1978,Erie,Gizzard Shad,0,1,1557,0,1558,0,1558,
1979,Erie,Gizzard Shad,0,0,1957,0,1957,0,1957,
1980,Erie,Gizzard Shad,0,1,487,6,494,1,495,
1981,Erie,Gizzard Shad,0,0,25,45,70,0,70,
1982,Erie,Gizzard Shad,76,1,162,8,247,4,251,
1983,Erie,Gizzard Shad,665,106,505,98,1374,0,1374,
1984,Erie,Gizzard Shad,1265,38,272,88,1663,0,1663,
1985,Erie,Gizzard Shad,878,14,23,1371,2286,14,2300,
1986,Erie,Gizzard Shad,0,0,10,547,557,0,557,
1987,Erie,Gizzard Shad,0,0,10,0,10,6,16,
1988,Erie,Gizzard Shad,0,0,9,140,149,1,150,
1989,Erie,Gizzard Shad,0,0,12,49,61,1,62,
1990,Erie,Gizzard Shad,0,0,19,24,43,681,724,
1991,Erie,Gizzard Shad,0,0,403,3,406,18,424,
1992,Erie,Gizzard Shad,3,0,112,0,115,7,122,
1993,Erie,Gizzard Shad,0,0,403,8,411,98,509,
1994,Erie,Gizzard Shad,2,0,102,7,111,0,111,
1995,Erie,Gizzard Shad,0,0,56,22,78,0,78,
1996,Erie,Gizzard Shad,37,0,11,0,48,0,48,
1997,Erie,Gizzard Shad,24,0,336,0,360,5,365,ONT: Data is Processor weight (thousands of pounds)
1998,Erie,Gizzard Shad,5,0,172,0,177,75,252,
1999,Erie,Gizzard Shad,6,0,105,0,111,19,130,
2000,Erie,Gizzard Shad,5,,3,,8,51,59,Canadian data is processor weight
2001,Erie,Gizzard Shad,0.055,,2,,2.055,49,51.055,Canadian data is processor weight
2002,Erie,Gizzard Shad,6.655,545,,,551.655,1,552.655,Canadian data is landed weight
2003,Erie,Gizzard Shad,0,,0,,0,11,11,Canadian data is landed weight
2004,Erie,Gizzard Shad,5.12,,86,,91.12,0,91.12,Canadian data is landed weight
2005,Erie,Gizzard Shad,14.91,220,,,234.91,68,302.91,Canadian data is landed weight
2006,Erie,Gizzard Shad,52.382,,0,,52.382,6,58.382,
2007,Erie,Gizzard Shad,242.695,,55,,297.695,0,297.695,
2008,Erie,Gizzard Shad,134.008,,38,,172.008,3,175.008,
2009,Erie,Gizzard Shad,122.379,,10,,132.379,8,140.379,
2010,Erie,Gizzard Shad,,,15,,15,31,46,
2011,Erie,Gizzard Shad,,,5.921,0,5.921,14,19.921,
2012,Erie,Gizzard Shad,110.8,0,30.215,0,141.015,25,166.015,
2013,Erie,Gizzard Shad,40.05,1,0.659,0,41.709,2.253,43.962,
2014,Erie,Gizzard Shad,31.8,,2.874,,34.674,1.33,36.004,
2015,Erie,Gizzard Shad,0.05,,24.293,0,24.343,3.551,27.894,
2016,Erie,Gizzard Shad,,,91.087,,91.087,,91.087,
2017,Erie,Gizzard Shad,40.2,,446.032,,486.232,0.747,486.979,
2018,Erie,Gizzard Shad,118,,131.815,,249.815,0.976,250.791,
2019,Erie,Gizzard Shad,6.427,,24.943,,31.37,0.406,31.776,
2020,Erie,Gizzard Shad,,,39.453,,39.453,0.496,39.949,
1929,Erie,Goldfish,12,,10,,22,,22,
1930,Erie,Goldfish,16,,64,,80,,80,
1931,Erie,Goldfish,34,,57,,91,,91,
1932,Erie,Goldfish,54,,44,,98,,98,
1933,Erie,Goldfish,20,,80,,100,,100,
1934,Erie,Goldfish,8,,60,,68,,68,
1935,Erie,Goldfish,5,,153,,158,,158,
1936,Erie,Goldfish,6,,330,,336,,336,
1937,Erie,Goldfish,6,,261,,267,,267,
1938,Erie,Goldfish,4,,211,,215,,215,
1939,Erie,Goldfish,11,,153,,164,,164,
1940,Erie,Goldfish,2,,215,,217,,217,
1941,Erie,Goldfish,0,,159,,159,,159,
1942,Erie,Goldfish,0,,82,,82,,82,
1943,Erie,Goldfish,0,,33,,33,,33,
1944,Erie,Goldfish,1,,47,,48,,48,
1945,Erie,Goldfish,3,,11,,14,,14,
1946,Erie,Goldfish,2,,53,,55,,55,
1947,Erie,Goldfish,,,95,,95,,95,
1948,Erie,Goldfish,1,,119,,120,,120,
1949,Erie,Goldfish,,,171,,171,,171,
1950,Erie,Goldfish,1,,105,,106,,106,
1951,Erie,Goldfish,,,126,,126,,126,
1952,Erie,Goldfish,0,,100,,100,,100,
1953,Erie,Goldfish,,,98,,98,,98,
1954,Erie,Goldfish,13,,82,,95,,95,
1955,Erie,Goldfish,,,100,,100,,100,
1956,Erie,Goldfish,0,,144,,144,,144,
1957,Erie,Goldfish,,,135,,135,,135,
1958,Erie,Goldfish,,,157,,157,,157,
1959,Erie,Goldfish,4,,100,,104,,104,
1960,Erie,Goldfish,,,198,,198,,198,
1961,Erie,Goldfish,,,293,,293,,293,
1962,Erie,Goldfish,,,350,,350,,350,
1963,Erie,Goldfish,,,172,,172,,172,
1964,Erie,Goldfish,,,159,,159,,159,
1965,Erie,Goldfish,,,168,,168,,168,
1966,Erie,Goldfish,,,135,,135,,135,
1967,Erie,Goldfish,,,94,,94,,94,
1968,Erie,Goldfish,,,107,,107,,107,
1969,Erie,Goldfish,,,99,,99,,99,
1970,Erie,Goldfish,,,163,,163,,163,
1971,Erie,Goldfish,,,80,,80,,80,
1972,Erie,Goldfish,,,42,,42,,42,
1973,Erie,Goldfish,,,32,,32,,32,
1974,Erie,Goldfish,,,54,,54,,54,
1975,Erie,Goldfish,,,56,,56,,56,
1976,Erie,Goldfish,,,134,,134,,134,OH: fish by-product (fish meal) markets expanded 
1977,Erie,Goldfish,,,550,,550,,550,
1978,Erie,Goldfish,0,0,758,0,758,0,758,
1979,Erie,Goldfish,0,0,197,0,197,0,197,
1980,Erie,Goldfish,0,0,83,0,83,0,83,
1981,Erie,Goldfish,0,0,7,0,7,0,7,
1982,Erie,Goldfish,0,0,11,0,11,0,11,
1983,Erie,Goldfish,0,0,6,0,6,0,6,
1984,Erie,Goldfish,0,0,7,0,7,0,7,
1985,Erie,Goldfish,0,0,10,0,10,0,10,
1986,Erie,Goldfish,0,0,8,0,8,0,8,
1987,Erie,Goldfish,1,0,15,0,16,0,16,
1988,Erie,Goldfish,0,0,12,0,12,0,12,
1989,Erie,Goldfish,3,0,14,0,17,0,17,
1990,Erie,Goldfish,1,0,31,0,32,0,32,
1991,Erie,Goldfish,8,0,31,0,39,0,39,
1992,Erie,Goldfish,1,0,26,0,27,0,27,
1993,Erie,Goldfish,1,0,9,0,10,0,10,
1994,Erie,Goldfish,0,0,12,0,12,0,12,
1995,Erie,Goldfish,1,0,9,0,10,0,10,
1996,Erie,Goldfish,7,0,14,0,21,0,21,
1997,Erie,Goldfish,10,0,11,0,21,0,21,
1998,Erie,Goldfish,7,0,8,0,15,0,15,
1999,Erie,Goldfish,0,0,21,0,21,0,21,
2000,Erie,Goldfish,3,,19,,22,,22,
2001,Erie,Goldfish,8.281,,19,,27.281,,27.281,
2002,Erie,Goldfish,4.66,11,,,15.66,,15.66,
2003,Erie,Goldfish,0,,31,,31,,31,
2004,Erie,Goldfish,0,,20,,20,,20,
2005,Erie,Goldfish,78.333,35,,,113.333,10,123.333,
2006,Erie,Goldfish,67.171,,59,,126.171,,126.171,
2007,Erie,Goldfish,39.14,,29,,68.14,,68.14,
2008,Erie,Goldfish,84.361,,33,,117.361,,117.361,
2009,Erie,Goldfish,90.761,,62,,152.761,,152.761,
2010,Erie,Goldfish,77.55,,60,,137.55,,137.55,
2011,Erie,Goldfish,84.857,,69.925,,154.782,,154.782,
2012,Erie,Goldfish,57.041,,42.032,,99.073,0,99.073,
2013,Erie,Goldfish,28.146,,75.539,,103.685,,103.685,
2014,Erie,Goldfish,34.054,,33.874,,67.928,0,67.928,
2015,Erie,Goldfish,88.791,,25.133,,113.924,,113.924,
2016,Erie,Goldfish,86.818,,31.477,,118.295,,118.295,
2017,Erie,Goldfish,28.082,,14.466,,42.548,,42.548,
2018,Erie,Goldfish,11.428,,34.64,,46.068,,46.068,
2019,Erie,Goldfish,44.273,,34.579,,78.852,,78.852,
2020,Erie,Goldfish,5.25,,10.054,,15.304,,15.304,
2010,Erie,Gar,0.052,,,,0.052,,0.052,
1879,Erie,Lake Sturgeon,,,,,1970,142,2112,
1880,Erie,Lake Sturgeon,,,,,,213,213,
1881,Erie,Lake Sturgeon,,,,,,180,180,
1882,Erie,Lake Sturgeon,,,,,,159,159,
1883,Erie,Lake Sturgeon,,,,,,223,223,
1884,Erie,Lake Sturgeon,,,,,,330,330,
1885,Erie,Lake Sturgeon,91,3723,522,392,4728,459,5187,
1886,Erie,Lake Sturgeon,,,,,,350,350,
1887,Erie,Lake Sturgeon,,,,,,610,610,
1888,Erie,Lake Sturgeon,,,,,,470,470,
1889,Erie,Lake Sturgeon,2,156,410,677,1245,412,1656,
1890,Erie,Lake Sturgeon,33,1710,230,106,2079,581,2660,
1891,Erie,Lake Sturgeon,22,,,,,388,388,
1892,Erie,Lake Sturgeon,14,,,,,362,362,
1893,Erie,Lake Sturgeon,17,,,,794,357,1151,
1894,Erie,Lake Sturgeon,13,,,,,391,391,
1895,Erie,Lake Sturgeon,13,,,,,320,320,
1896,Erie,Lake Sturgeon,56,,,,,218,218,
1897,Erie,Lake Sturgeon,46,133,84,35,298,251,549,
1898,Erie,Lake Sturgeon,47,,,,,285,285,
1899,Erie,Lake Sturgeon,41,627,50,100,818,142,960,
1900,Erie,Lake Sturgeon,48,,,,,169,169,
1901,Erie,Lake Sturgeon,27,,,,,168,168,
1902,Erie,Lake Sturgeon,17,,,,,145,145,
1903,Erie,Lake Sturgeon,17,223,8,61,310,135,445,
1904,Erie,Lake Sturgeon,16,,,,,112,112,
1905,Erie,Lake Sturgeon,8,,,,,74,74,
1906,Erie,Lake Sturgeon,10,,,,,66,66,
1907,Erie,Lake Sturgeon,11,,,,,52,52,
1908,Erie,Lake Sturgeon,7,42,5,8,62,108,170,
1909,Erie,Lake Sturgeon,,,,,,47,47,
1910,Erie,Lake Sturgeon,,,,,,61,61,
1911,Erie,Lake Sturgeon,,,,,,68,68,
1912,Erie,Lake Sturgeon,2,,,,,52,52,
1913,Erie,Lake Sturgeon,1,4,1,8,,48,48,OH:Records cover only part of the fishing season.
1914,Erie,Lake Sturgeon,0,9,6,6,21,56,77,
1915,Erie,Lake Sturgeon,0,15,4,1,20,56,76,
1916,Erie,Lake Sturgeon,5,21,10,1,37,68,105,
1917,Erie,Lake Sturgeon,8,17,2,0,27,47,74,
1918,Erie,Lake Sturgeon,3,8,3,1,15,52,67,
1919,Erie,Lake Sturgeon,0,8,10,1,19,43,62,
1920,Erie,Lake Sturgeon,1,8,1,,10,0,10,ONT: Commercial fishing for lake sturgeon prohibited in Canadian waters. 
1921,Erie,Lake Sturgeon,,8,0,,8,,8,ONT: Commercial fishing for lake sturgeon prohibited in Canadian waters. 
1922,Erie,Lake Sturgeon,0,14,0,1,15,36,52,
1923,Erie,Lake Sturgeon,0,,0,0,0,41,41,
1924,Erie,Lake Sturgeon,0,6,0,1,7,44,51,
1925,Erie,Lake Sturgeon,,,,,0,42,42,
1926,Erie,Lake Sturgeon,,5,,2,7,50,57,
1927,Erie,Lake Sturgeon,,5,,1,6,41,47,
1928,Erie,Lake Sturgeon,,7,0,1,8,42,50,
1929,Erie,Lake Sturgeon,,2,0,0,2,27,29,MI: Commercial fishing for lake sturgeon prohibited. 
1930,Erie,Lake Sturgeon,,14,0,2,16,27,43,MI: Commercial fishing for lake sturgeon prohibited. 
1931,Erie,Lake Sturgeon,,14,1,1,16,22,38,MI: Commercial fishing for lake sturgeon prohibited. 
1932,Erie,Lake Sturgeon,,16,,1,17,27,44,MI: Commercial fishing for lake sturgeon prohibited. 
1933,Erie,Lake Sturgeon,,6,,1,7,24,31,MI: Commercial fishing for lake sturgeon prohibited. 
1934,Erie,Lake Sturgeon,,7,10,1,18,25,43,MI: Commercial fishing for lake sturgeon prohibited. 
1935,Erie,Lake Sturgeon,,6,12,0,18,22,40,MI: Commercial fishing for lake sturgeon prohibited. 
1936,Erie,Lake Sturgeon,,5,6,1,12,13,25,MI: Commercial fishing for lake sturgeon prohibited. 
1937,Erie,Lake Sturgeon,,3,2,0,5,13,18,MI: Commercial fishing for lake sturgeon prohibited. 
1938,Erie,Lake Sturgeon,,8,12,0,20,17,37,MI: Commercial fishing for lake sturgeon prohibited. 
1939,Erie,Lake Sturgeon,,7,9,1,17,18,35,MI: Commercial fishing for lake sturgeon prohibited. 
1940,Erie,Lake Sturgeon,,5,6,1,12,16,28,MI: Commercial fishing for lake sturgeon prohibited. 
1941,Erie,Lake Sturgeon,,6,5,1,12,14,26,MI: Commercial fishing for lake sturgeon prohibited. 
1942,Erie,Lake Sturgeon,,2,4,0,6,15,21,MI: Commercial fishing for lake sturgeon prohibited. 
1943,Erie,Lake Sturgeon,,1,2,1,4,12,16,MI: Commercial fishing for lake sturgeon prohibited. 
1944,Erie,Lake Sturgeon,,0,2,1,3,15,18,MI: Commercial fishing for lake sturgeon prohibited. 
1945,Erie,Lake Sturgeon,,0,1,0,1,11,12,MI: Commercial fishing for lake sturgeon prohibited. 
1946,Erie,Lake Sturgeon,,0,4,0,4,13,17,MI: Commercial fishing for lake sturgeon prohibited. 
1947,Erie,Lake Sturgeon,,0,10,0,10,18,28,MI: Commercial fishing for lake sturgeon prohibited. 
1948,Erie,Lake Sturgeon,,0,22,0,22,14,36,MI: Commercial fishing for lake sturgeon prohibited. 
1949,Erie,Lake Sturgeon,,0,19,0,19,13,32,MI: Commercial fishing for lake sturgeon prohibited. 
1950,Erie,Lake Sturgeon,,,7,0,7,11,18,MI: Commercial fishing for lake sturgeon prohibited. 
1951,Erie,Lake Sturgeon,,1,10,0,11,9,20,
1952,Erie,Lake Sturgeon,,0,6,0,6,8,14,
1953,Erie,Lake Sturgeon,,1,1,0,2,6,8,
1954,Erie,Lake Sturgeon,,0,3,0,3,7,10,
1955,Erie,Lake Sturgeon,,,5,0,5,22,27,
1956,Erie,Lake Sturgeon,,,2,9,11,17,28,
1957,Erie,Lake Sturgeon,,0,1,0,1,6,7,
1958,Erie,Lake Sturgeon,,0,1,0,1,5,6,
1959,Erie,Lake Sturgeon,,0,0,0,0,4,4,
1960,Erie,Lake Sturgeon,0,0,0,0,0,5,5,
1961,Erie,Lake Sturgeon,0,0,0,0,0,5,5,
1962,Erie,Lake Sturgeon,0,0,0,,0,2,2,
1963,Erie,Lake Sturgeon,0,0,0,,0,2,2,
1964,Erie,Lake Sturgeon,,,0,0,0,1,1,
1965,Erie,Lake Sturgeon,,0,0,,0,2,2,
1966,Erie,Lake Sturgeon,,,0,,0,1,1,
1967,Erie,Lake Sturgeon,,,0,,0,1,1,
1968,Erie,Lake Sturgeon,,0,0,,0,1,1,OH: closed its fishery
1969,Erie,Lake Sturgeon,,,,,0,1,1,
1970,Erie,Lake Sturgeon,,,,,0,0,0,
1971,Erie,Lake Sturgeon,,,,,,,,
1972,Erie,Lake Sturgeon,,,,,0,0,0,
1973,Erie,Lake Sturgeon,,0,,,0,0,0,
1974,Erie,Lake Sturgeon,,,,,0,0,0,
1975,Erie,Lake Sturgeon,,,,,0,0,0,
1976,Erie,Lake Sturgeon,,,,,0,1,1,
1977,Erie,Lake Sturgeon,,,,,0,5,5,
1978,Erie,Lake Sturgeon,0,0,0,0,0,2,2,
1979,Erie,Lake Sturgeon,0,0,0,0,0,0,0,
1980,Erie,Lake Sturgeon,0,0,0,0,0,1,1,
1981,Erie,Lake Sturgeon,0,0,0,0,0,1,1,
1982,Erie,Lake Sturgeon,0,0,0,0,0,1,1,
1983,Erie,Lake Sturgeon,0,0,0,0,0,2,2,
1984,Erie,Lake Sturgeon,0,0,0,0,0,0,0,
1985,Erie,Lake Sturgeon,0,0,0,0,0,0,0,
1986,Erie,Lake Sturgeon,0,0,0,0,0,0,0,
1987,Erie,Lake Sturgeon,0,0,0,0,0,0,0,
1988,Erie,Lake Sturgeon,0,0,0,0,0,0,0,
1989,Erie,Lake Sturgeon,0,0,0,0,0,0,0,
1990,Erie,Lake Sturgeon,0,0,0,0,0,0,0,
1991,Erie,Lake Sturgeon,0,0,0,0,0,0,0,
1992,Erie,Lake Sturgeon,0,0,0,0,0,0,0,
1993,Erie,Lake Sturgeon,0,0,0,0,0,0,0,
1994,Erie,Lake Sturgeon,0,0,0,0,0,0,0,
1995,Erie,Lake Sturgeon,0,0,0,0,0,0,0,
1996,Erie,Lake Sturgeon,0,0,0,0,0,0,0,
1997,Erie,Lake Sturgeon,0,0,0,0,0,0,0,
1998,Erie,Lake Sturgeon,0,0,0,0,0,0,0,
1999,Erie,Lake Sturgeon,0,0,0,0,0,0,0,
1978,Erie,Lake Trout,0,0,0,0,0,0,0,
1979,Erie,Lake Trout,0,0,0,0,0,0,0,
1980,Erie,Lake Trout,0,0,0,3,3,1,4,
1981,Erie,Lake Trout,0,0,0,0,0,4,4,
1982,Erie,Lake Trout,0,0,0,0,0,3,3,
1983,Erie,Lake Trout,0,0,0,0,0,0,0,
1984,Erie,Lake Trout,0,0,0,0,0,1,1,
1985,Erie,Lake Trout,0,0,0,0,0,1,1,
1986,Erie,Lake Trout,0,0,0,0,0,0,0,
1987,Erie,Lake Trout,0,0,0,0,0,0,0,
1988,Erie,Lake Trout,0,0,0,0,0,0,0,
1989,Erie,Lake Trout,0,0,0,0,0,0,0,
1990,Erie,Lake Trout,0,0,0,0,0,0,0,
1991,Erie,Lake Trout,0,0,0,0,0,0,0,
1992,Erie,Lake Trout,0,0,0,0,0,0,0,
1993,Erie,Lake Trout,0,0,0,0,0,0,0,
1994,Erie,Lake Trout,0,0,0,0,0,1,1,
1995,Erie,Lake Trout,0,0,0,0,0,0,0,
1996,Erie,Lake Trout,0,0,0,0,0,0,0,
1997,Erie,Lake Trout,0,0,0,0,0,0,0,
1998,Erie,Lake Trout,0,0,0,0,0,0,0,
1999,Erie,Lake Trout,0,0,0,0,0,0,0,
2000,Erie,Lake Trout,,,,,,,,
2001,Erie,Lake Trout,,,,,,,,
2002,Erie,Lake Trout,,,,,,,,
2003,Erie,Lake Trout,,,,,,,,
2004,Erie,Lake Trout,,,,,,,,
2005,Erie,Lake Trout,,,,,,,,
2006,Erie,Lake Trout,,,,,,,,
2007,Erie,Lake Trout,,,,,,,,
2008,Erie,Lake Trout,,,,,,,,
2009,Erie,Lake Trout,,,,0,0,,0,
2010,Erie,Lake Trout,,,,0,0,0,0,
2011,Erie,Lake Trout,,,,,,,,
2012,Erie,Lake Trout,,,,,,,,
2013,Erie,Lake Trout,,,,,,,,
2014,Erie,Lake Trout,,,,,,,,
2015,Erie,Lake Trout,,,,61,61,,61,
2016,Erie,Lake Trout,,,,,,,,
2017,Erie,Lake Trout,,,,,,,,
2018,Erie,Lake Trout,,,,,,,,
2019,Erie,Lake Trout,,,,,,,,
2020,Erie,Lake Trout,,,,,,,,
1867,Erie,Lake Whitefish,,,,,,971,971,
1868,Erie,Lake Whitefish,,,,,,901,901,
1869,Erie,Lake Whitefish,,,,,,211,211,
1870,Erie,Lake Whitefish,,,,,,291,291,
1871,Erie,Lake Whitefish,,,,,,65,65,
1872,Erie,Lake Whitefish,,,,,,185,185,
1873,Erie,Lake Whitefish,,,,,,248,248,
1874,Erie,Lake Whitefish,,,,,,111,111,
1875,Erie,Lake Whitefish,,,,,,126,126,
1876,Erie,Lake Whitefish,,,,,,99,99,
1877,Erie,Lake Whitefish,,,,,,141,141,
1878,Erie,Lake Whitefish,,,,,,183,183,
1879,Erie,Lake Whitefish,,,,,3334,203,3537,
1880,Erie,Lake Whitefish,,,,,,206,206,
1881,Erie,Lake Whitefish,,,,,,312,312,
1882,Erie,Lake Whitefish,,,,,,284,284,
1883,Erie,Lake Whitefish,,,,,,222,222,
1884,Erie,Lake Whitefish,,,,,,230,230,
1885,Erie,Lake Whitefish,133,30,1249,2120,3532,186,3718,
1886,Erie,Lake Whitefish,,,,,,142,142,
1887,Erie,Lake Whitefish,,,,,,333,333,
1888,Erie,Lake Whitefish,,,,,,390,390,
1889,Erie,Lake Whitefish,50,371,1743,1160,3324,306,3630,
1890,Erie,Lake Whitefish,136,318,1130,758,2342,204,2546,
1891,Erie,Lake Whitefish,144,,,,,350,350,
1892,Erie,Lake Whitefish,143,,,,,312,312,
1893,Erie,Lake Whitefish,61,,,,1292,256,1548,
1894,Erie,Lake Whitefish,75,,,,,153,153,
1895,Erie,Lake Whitefish,104,,,,,148,148,
1896,Erie,Lake Whitefish,59,,,,,126,126,
1897,Erie,Lake Whitefish,147,58,400,169,774,270,1044,
1898,Erie,Lake Whitefish,108,,,,,245,245,
1899,Erie,Lake Whitefish,315,172,1050,616,2153,431,2584,
1900,Erie,Lake Whitefish,251,,,,,401,401,
1901,Erie,Lake Whitefish,282,,,,,526,526,
1902,Erie,Lake Whitefish,226,,,,,450,450,
1903,Erie,Lake Whitefish,57,52,172,53,334,303,637,
1904,Erie,Lake Whitefish,96,,,,,364,364,
1905,Erie,Lake Whitefish,133,,,,,304,304,
1906,Erie,Lake Whitefish,187,,,,,359,359,
1907,Erie,Lake Whitefish,230,,,,,634,634,
1908,Erie,Lake Whitefish,236,123,732,455,1546,826,2372,
1909,Erie,Lake Whitefish,,,,,,2597,2597,
1910,Erie,Lake Whitefish,,,,,,1384,1384,
1911,Erie,Lake Whitefish,,,,,,1139,1139,
1912,Erie,Lake Whitefish,341,,,,341,2581,2922,
1913,Erie,Lake Whitefish,411,16,246,836,1509,1980,3489,OH: records cover part of season
1914,Erie,Lake Whitefish,274,58,1205,596,2133,1993,4126,
1915,Erie,Lake Whitefish,33,100,653,359,1145,1832,2977,
1916,Erie,Lake Whitefish,107,123,683,18,931,1086,2017,
1917,Erie,Lake Whitefish,187,164,1404,22,1777,1240,3017,
1918,Erie,Lake Whitefish,227,159,1028,187,1601,1128,2729,
1919,Erie,Lake Whitefish,69,94,1084,464,1711,1094,2805,
1920,Erie,Lake Whitefish,36,89,934,367,1426,838,2264,
1921,Erie,Lake Whitefish,14,98,321,490,923,967,1890,
1922,Erie,Lake Whitefish,12,205,209,362,788,752,1540,
1923,Erie,Lake Whitefish,0,234,188,67,489,536,1025,
1924,Erie,Lake Whitefish,1,71,148,112,332,580,912,
1925,Erie,Lake Whitefish,0,,300,,583,1033,1616,
1926,Erie,Lake Whitefish,0,110,245,605,960,868,1828,
1927,Erie,Lake Whitefish,,94,242,288,624,748,1372,
1928,Erie,Lake Whitefish,1,156,415,402,974,988,1962,
1929,Erie,Lake Whitefish,0,227,535,317,1079,1268,2347,
1930,Erie,Lake Whitefish,1,169,597,755,1522,1088,2610,
1931,Erie,Lake Whitefish,3,54,572,644,1273,1106,2379,
1932,Erie,Lake Whitefish,19,195,507,447,1168,912,2080,
1933,Erie,Lake Whitefish,4,132,197,664,997,710,1707,
1934,Erie,Lake Whitefish,2,35,279,463,779,916,1695,
1935,Erie,Lake Whitefish,2,29,477,487,995,1190,2185,
1936,Erie,Lake Whitefish,1,23,330,804,1158,1768,2926,
1937,Erie,Lake Whitefish,1,94,123,429,647,1401,2048,
1938,Erie,Lake Whitefish,2,91,292,526,911,1002,1913,
1939,Erie,Lake Whitefish,1,123,995,980,2099,2312,4411,
1940,Erie,Lake Whitefish,2,433,643,1564,2642,3136,5778,
1941,Erie,Lake Whitefish,7,409,808,1222,2446,3359,5805,
1942,Erie,Lake Whitefish,4,417,717,786,1924,2524,4448,
1943,Erie,Lake Whitefish,6,160,343,440,949,1481,2430,
1944,Erie,Lake Whitefish,1,50,165,352,568,1259,1827,
1945,Erie,Lake Whitefish,6,55,430,409,900,1689,2589,
1946,Erie,Lake Whitefish,1,8,589,199,797,1932,2729,
1947,Erie,Lake Whitefish,2,147,995,630,1774,2726,4500,
1948,Erie,Lake Whitefish,9,302,1617,862,2790,3800,6590,
1949,Erie,Lake Whitefish,,1013,737,1728,3478,3620,7098,
1950,Erie,Lake Whitefish,1,155,603,846,1605,1390,2995,
1951,Erie,Lake Whitefish,0,137,375,374,886,1130,2016,
1952,Erie,Lake Whitefish,1,362,213,782,1358,1424,2782,
1953,Erie,Lake Whitefish,,361,136,613,1110,1641,2751,
1954,Erie,Lake Whitefish,0,96,145,146,387,556,943,
1955,Erie,Lake Whitefish,0,70,118,186,374,399,773,
1956,Erie,Lake Whitefish,,21,115,310,446,542,988,
1957,Erie,Lake Whitefish,,138,125,491,754,536,1290,
1958,Erie,Lake Whitefish,0,16,64,96,176,383,559,
1959,Erie,Lake Whitefish,0,3,24,19,46,87,133,
1960,Erie,Lake Whitefish,0,1,10,5,16,21,37,
1961,Erie,Lake Whitefish,,0,4,2,6,9,15,
1962,Erie,Lake Whitefish,,0,1,2,3,10,13,
1963,Erie,Lake Whitefish,,0,1,6,7,11,18,
1964,Erie,Lake Whitefish,,0,1,2,3,3,6,
1965,Erie,Lake Whitefish,0,0,6,0,6,,6,
1966,Erie,Lake Whitefish,0,0,2,1,3,6,9,"OH: Minimum size limit changed from 1-3/4 pounds to 17'', 1 March 1966"
1967,Erie,Lake Whitefish,0,,2,0,2,0,2,
1968,Erie,Lake Whitefish,0,0,1,0,1,1,2,
1969,Erie,Lake Whitefish,0,0,1,0,1,1,2,
1970,Erie,Lake Whitefish,0,0,0,0,0,0,0,
1971,Erie,Lake Whitefish,0,0,0,0,0,1,1,
1972,Erie,Lake Whitefish,0,0,0,1,1,1,2,
1973,Erie,Lake Whitefish,0,0,0,2,2,1,3,
1974,Erie,Lake Whitefish,0,0,0,1,1,0,1,
1975,Erie,Lake Whitefish,0,0,0,1,1,0,1,
1976,Erie,Lake Whitefish,0,0,0,0,0,1,1,
1977,Erie,Lake Whitefish,0,0,0,0,0,5,5,
1978,Erie,Lake Whitefish,0,0,0,1,1,4,5,
1979,Erie,Lake Whitefish,0,0,0,0,0,2,2,
1980,Erie,Lake Whitefish,0,0,0,2,2,2,4,
1981,Erie,Lake Whitefish,0,0,0,2,2,23,25,
1982,Erie,Lake Whitefish,0,0,0,0,0,27,27,
1983,Erie,Lake Whitefish,0,0,0,3,3,25,28,
1984,Erie,Lake Whitefish,0,0,0,1,1,12,13,
1985,Erie,Lake Whitefish,0,0,0,1,1,9,10,
1986,Erie,Lake Whitefish,0,0,0,2,2,18,20,
1987,Erie,Lake Whitefish,0,0,9,7,16,106,122,
1988,Erie,Lake Whitefish,0,0,1,15,16,99,115,
1989,Erie,Lake Whitefish,0,0,12,30,42,92,134,
1990,Erie,Lake Whitefish,0,0,10,114,124,99,223,
1991,Erie,Lake Whitefish,,0,33,299,332,302,634,
1992,Erie,Lake Whitefish,,,46,182,228,416,644,
1993,Erie,Lake Whitefish,,,90,282,372,399,771,
1994,Erie,Lake Whitefish,,0,53,352,405,465,870,
1995,Erie,Lake Whitefish,,0,41,183,224,705,929,
1996,Erie,Lake Whitefish,,,51,0.002,51.002,633,684.002,
1997,Erie,Lake Whitefish,,,27,1.597,28.597,645,673.597,ONT: Data is Processor weight (thousands of pounds)
1998,Erie,Lake Whitefish,,,42,3.496,45.496,1139,1184.496,
1999,Erie,Lake Whitefish,,,48,0.67,48.67,1201,1249.67,
2000,Erie,Lake Whitefish,,,41,,41,1309,1350,Canadian data is processor weight
2001,Erie,Lake Whitefish,,,48,,48,1148,1196,Canadian data is processor weight
2002,Erie,Lake Whitefish,,7,0,0.025,7.025,1050,1057.025,Canadian data is landed weight
2003,Erie,Lake Whitefish,,,13,0.093,13.093,599,612.093,Canadian data is landed weight
2004,Erie,Lake Whitefish,,,11,0.091,11.091,617,628.091,Canadian data is landed weight
2005,Erie,Lake Whitefish,,5,1,0.563,6.563,322,328.563,Canadian data is landed weight
2006,Erie,Lake Whitefish,10.693,0,30,0.363,41.056,322,363.056,
2007,Erie,Lake Whitefish,8.8,,42,0.684,51.484,875,926.484,
2008,Erie,Lake Whitefish,,,83,0.389,83.389,954,1037.389,
2009,Erie,Lake Whitefish,9.439,,288,0.211,297.65,816,1113.65,
2010,Erie,Lake Whitefish,0.963,,83,0.166,84.129,600,684.129,
2011,Erie,Lake Whitefish,4.155,,82.805,,86.96,530,616.96,
2012,Erie,Lake Whitefish,6.436,,119.887,,126.323,215,341.323,
2013,Erie,Lake Whitefish,,,63.94,,63.94,93.979,157.919,
2014,Erie,Lake Whitefish,,,34.731,,34.731,113.32,148.051,
2015,Erie,Lake Whitefish,0.267,,51.066,4.025,55.358,68.814,124.172,
2016,Erie,Lake Whitefish,,0.018,24.169,0.031,24.218,31.733,55.951,
2017,Erie,Lake Whitefish,,,0.701,0.012,0.713,30.826,31.539,
2018,Erie,Lake Whitefish,4.1,,4.02,0.028,8.148,44.624,52.772,
2019,Erie,Lake Whitefish,0.198,,31.409,2.286,33.893,81.007,114.9,
2020,Erie,Lake Whitefish,,,30.973,0.003,30.976,160.58,191.556,
1978,Erie,Minnows,0,0,0,0,0,0,0,
1979,Erie,Minnows,0,0,0,0,0,0,0,
1980,Erie,Minnows,0,0,0,0,0,0,0,
1981,Erie,Minnows,0,0,0,0,0,0,0,
1982,Erie,Minnows,0,0,0,0,0,0,0,
1983,Erie,Minnows,0,0,0,0,0,0,0,
1984,Erie,Minnows,0,0,0,0,0,0,0,
1985,Erie,Minnows,0,0,0,0,0,0,0,
1986,Erie,Minnows,0,0,0,0,0,0,0,
1987,Erie,Minnows,0,0,0,0,0,0,0,
1988,Erie,Minnows,0,0,0,0,0,0,0,
1989,Erie,Minnows,0,0,0,0,0,0,0,
1990,Erie,Minnows,0,0,0,0,0,0,0,
1991,Erie,Minnows,0,0,0,4,4,0,4,
1992,Erie,Minnows,0,0,0,1,1,0,1,
1993,Erie,Minnows,0,0,0,5,5,0,5,
1994,Erie,Minnows,0,0,0,8,8,0,8,
1995,Erie,Minnows,0,0,0,0,0,0,0,
1996,Erie,Minnows,0,0,0,3.954,3.954,0,3.954,
1997,Erie,Minnows,0,0,0,5.105,5,0,5,
1998,Erie,Minnows,0,0,0,3.551,4,0,4,
1999,Erie,Minnows,0,0,0,1.8,2,0,2,
2000,Erie,Minnows,,,,10.18,10.18,,10.18,
2001,Erie,Minnows,,,,5.294,5.294,,5.294,
2002,Erie,Minnows,,,1,0.688,1.688,,1.688,
2003,Erie,Minnows,,,,6.643,6.643,,6.643,
2004,Erie,Minnows,,,,2.258,2.258,,2.258,
2005,Erie,Minnows,,,2,2.119,4.119,322,326.119,
2006,Erie,Minnows,,,,6.78,6.78,,6.78,
2007,Erie,Minnows,,,,6.713,6.713,,6.713,
2008,Erie,Minnows,,,,10.626,10.626,,10.626,
2009,Erie,Minnows,,,,13.622,13.622,,13.622,
2010,Erie,Minnows,,,,17.674,17.674,,17.674,
2011,Erie,Minnows,,,,13.242,13.242,,13.242,
2012,Erie,Minnows,,,,19.574,19.574,,19.574,
2013,Erie,Minnows,,,,23.742,23.742,,23.742,
2014,Erie,Minnows,,,,33.724,33.724,,33.724,
2015,Erie,Minnows,,,,21.543,21.543,,21.543,
2016,Erie,Minnows,,,,12.893,12.893,,12.893,
2017,Erie,Minnows,,,,12.909,12.909,,12.909,
2018,Erie,Minnows,,,,13.686,13.686,,13.686,
2019,Erie,Minnows,,,,9.94,9.94,,9.94,
2020,Erie,Minnows,,,,5.973,5.973,,5.973,
1869,Erie,Northern Pike,,,,,,1,1,
1870,Erie,Northern Pike,,,,,,1,1,
1871,Erie,Northern Pike,,,,,,2,2,
1872,Erie,Northern Pike,,,,,,38,38,
1873,Erie,Northern Pike,,,,,,16,16,
1874,Erie,Northern Pike,,,,,,20,20,
1875,Erie,Northern Pike,,,,,,14,14,
1876,Erie,Northern Pike,,,,,,8,8,
1877,Erie,Northern Pike,,,,,,11,11,
1878,Erie,Northern Pike,,,,,,13,13,
1879,Erie,Northern Pike,,,,,,12,12,
1880,Erie,Northern Pike,,,,,,19,19,
1881,Erie,Northern Pike,,,,,,51,51,
1882,Erie,Northern Pike,,,,,,25,25,
1883,Erie,Northern Pike,,,,,,31,31,
1884,Erie,Northern Pike,,,,,,13,13,
1885,Erie,Northern Pike,10,,264,20,294,18,312,
1886,Erie,Northern Pike,,,,,,24,24,
1887,Erie,Northern Pike,,,,,,34,34,
1888,Erie,Northern Pike,,,,,,107,107,
1889,Erie,Northern Pike,,,,,,129,129,
1890,Erie,Northern Pike,,,,,,63,63,
1891,Erie,Northern Pike,,,,,,43,43,
1892,Erie,Northern Pike,,,,,,130,130,
1893,Erie,Northern Pike,,,,,,432,432,
1894,Erie,Northern Pike,,,,,,40,40,
1895,Erie,Northern Pike,,,,,,31,31,
1896,Erie,Northern Pike,,,,,,190,190,
1897,Erie,Northern Pike,,,,,,148,148,
1898,Erie,Northern Pike,,,,,,145,145,
1899,Erie,Northern Pike,10,,1,9,20,864,884,
1900,Erie,Northern Pike,,,,,,822,822,
1901,Erie,Northern Pike,,,,,,1121,1121,
1902,Erie,Northern Pike,,,,,,1074,1074,
1903,Erie,Northern Pike,,,,,,865,865,
1904,Erie,Northern Pike,,,,,,1159,1159,
1905,Erie,Northern Pike,,,,,,936,936,
1906,Erie,Northern Pike,,,,,,1387,1387,
1908,Erie,Northern Pike,338,2,1118,8,1466,1408,2874,
1909,Erie,Northern Pike,,,,,,2703,2703,
1910,Erie,Northern Pike,,,,,,2156,2156,
1911,Erie,Northern Pike,,,,,,1099,1099,
1912,Erie,Northern Pike,,,,,,1485,1485,
1913,Erie,Northern Pike,,,,,,2288,2288,
1914,Erie,Northern Pike,,,,,,2927,2927,
1915,Erie,Northern Pike,,,,,,630,630,
1916,Erie,Northern Pike,,,,,,437,437,
1917,Erie,Northern Pike,,,,,,142,142,
1918,Erie,Northern Pike,,,,,,229,229,
1919,Erie,Northern Pike,18,,,,18,727,745,
1920,Erie,Northern Pike,29,,,,29,115,144,
1921,Erie,Northern Pike,30,,,,30,97,127,
1922,Erie,Northern Pike,6,,,,6,144,150,
1923,Erie,Northern Pike,5,,,,5,130,135,
1924,Erie,Northern Pike,7,,,,7,72,79,
1925,Erie,Northern Pike,7,,,,7,29,36,
1926,Erie,Northern Pike,4,,,,4,20,24,
1927,Erie,Northern Pike,15,,,,15,8,23,
1928,Erie,Northern Pike,1,,,,1,15,16,
1929,Erie,Northern Pike,7,,,,7,31,38,
1930,Erie,Northern Pike,8,,,,8,42,50,
1931,Erie,Northern Pike,16,,8,,24,63,87,
1932,Erie,Northern Pike,6,,1,,7,55,62,
1933,Erie,Northern Pike,6,,,,6,85,91,
1934,Erie,Northern Pike,0,,,,0,20,20,
1935,Erie,Northern Pike,2,,,,2,8,10,
1936,Erie,Northern Pike,1,,,,1,2,3,
1937,Erie,Northern Pike,3,,,,3,3,6,
1938,Erie,Northern Pike,3,,,,3,20,23,
1939,Erie,Northern Pike,4,,,,4,97,101,
1940,Erie,Northern Pike,0,,,,0,30,30,MI: Commercial fishing for northern pike prohibited.
1941,Erie,Northern Pike,,,,,0,47,47,MI: Commercial fishing for northern pike prohibited.
1942,Erie,Northern Pike,,,,,0,31,31,MI: Commercial fishing for northern pike prohibited.
1943,Erie,Northern Pike,,,0,,0,32,32,MI: Commercial fishing for northern pike prohibited.
1944,Erie,Northern Pike,,,2,,2,43,45,MI: Commercial fishing for northern pike prohibited.
1945,Erie,Northern Pike,,,1,,1,30,31,MI: Commercial fishing for northern pike prohibited.
1946,Erie,Northern Pike,,0,,,0,33,33,MI: Commercial fishing for northern pike prohibited.
1947,Erie,Northern Pike,2,,0,,2,13,15,MI: Commercial fishing for northern pike prohibited.
1948,Erie,Northern Pike,10,,1,,11,3,14,
1949,Erie,Northern Pike,7,,4,,11,4,15,
1950,Erie,Northern Pike,4,0,2,,6,4,10,
1951,Erie,Northern Pike,4,,0,,4,18,22,
1952,Erie,Northern Pike,2,,1,,3,4,7,
1953,Erie,Northern Pike,8,0,0,,8,2,10,
1954,Erie,Northern Pike,9,,1,,10,3,13,
1955,Erie,Northern Pike,3,,10,,13,1,14,
1956,Erie,Northern Pike,2,,3,,5,41,46,
1957,Erie,Northern Pike,2,,0,,2,1,3,OH: Commercial fishery for northern pike closed.
1958,Erie,Northern Pike,1,,1,,2,1,3,
1959,Erie,Northern Pike,1,,1,,2,1,3,
1960,Erie,Northern Pike,1,,1,,2,0,2,
1961,Erie,Northern Pike,1,,,,1,1,2,
1962,Erie,Northern Pike,0,,,,0,2,2,
1963,Erie,Northern Pike,0,,,,0,2,2,
1964,Erie,Northern Pike,,,,,0,2,2,
1965,Erie,Northern Pike,1,,,,1,,1,
1966,Erie,Northern Pike,,,,,,1,1,
1967,Erie,Northern Pike,,0,,,0,5,5,
1968,Erie,Northern Pike,,,,,,2,2,
1969,Erie,Northern Pike,,0,,,0,1,1,
1970,Erie,Northern Pike,,,,,,1,1,
1971,Erie,Northern Pike,,,,,,2,2,
1972,Erie,Northern Pike,,,,,,2,2,
1973,Erie,Northern Pike,,,,,,13,13,
1974,Erie,Northern Pike,,,,,,15,15,
1975,Erie,Northern Pike,,,,,,13,13,
1976,Erie,Northern Pike,,,,,,24,24,
1977,Erie,Northern Pike,,,,,,70,70,
1978,Erie,Northern Pike,0,0,0,0,0,55,55,
1979,Erie,Northern Pike,0,0,0,0,0,18,18,
1980,Erie,Northern Pike,0,0,0,0,0,21,21,
1981,Erie,Northern Pike,0,0,0,0,0,30,30,
1982,Erie,Northern Pike,0,0,0,0,0,53,53,
1983,Erie,Northern Pike,0,0,0,0,0,16,16,
1984,Erie,Northern Pike,0,0,0,0,0,14,14,
1985,Erie,Northern Pike,0,0,0,0,0,0,0,
1986,Erie,Northern Pike,0,0,0,0,0,0,0,
1987,Erie,Northern Pike,0,0,0,0,0,0,0,
1988,Erie,Northern Pike,0,0,0,0,0,0,0,
1989,Erie,Northern Pike,0,0,0,0,0,0,0,
1990,Erie,Northern Pike,0,0,0,0,0,18,18,
1991,Erie,Northern Pike,,,,,,,,
1992,Erie,Northern Pike,,,,,,,,
1993,Erie,Northern Pike,,,,,,,,
1994,Erie,Northern Pike,,,,,,,,
1995,Erie,Northern Pike,,,,,,,,
1996,Erie,Northern Pike,,,,,,,,
1997,Erie,Northern Pike,0,0,0,0,0,,0,
1998,Erie,Northern Pike,0,0,0,0,0,20,20,
1999,Erie,Northern Pike,0,0,0,0,0,20,20,
2000,Erie,Northern Pike,,,,,,,,
2001,Erie,Northern Pike,,,,,,,,
2002,Erie,Northern Pike,,,,,,,,
2003,Erie,Northern Pike,,,,,,,,
2004,Erie,Northern Pike,,,,,,,,
2005,Erie,Northern Pike,,,,,,,,
2006,Erie,Northern Pike,,,,,,,,
2007,Erie,Northern Pike,,,,,,,,
2008,Erie,Northern Pike,,,,,,,,
2009,Erie,Northern Pike,,,,,,,,
2010,Erie,Northern Pike,,,,,,,,
2011,Erie,Northern Pike,,,,,,,,
2012,Erie,Northern Pike,,,,,,11,11,
2013,Erie,Northern Pike,,,,,,,,
2014,Erie,Northern Pike,,,,,,,,
2015,Erie,Northern Pike,,,,,,,,
2016,Erie,Northern Pike,,,,,,,,
2017,Erie,Northern Pike,,,,,,,,
2018,Erie,Northern Pike,,,,,,,,
2019,Erie,Northern Pike,,,,,,,,
2020,Erie,Northern Pike,,,,,,,,
1969,Erie,Pacific Salmon,,,0,0,0,2,2,
1970,Erie,Pacific Salmon,,,0,0,0,19,19,
1971,Erie,Pacific Salmon,,,0,0,0,4,4,
1972,Erie,Pacific Salmon,,,0,0,0,22,22,
1973,Erie,Pacific Salmon,,,0,0,0,11,11,
1974,Erie,Pacific Salmon,,,0,0,0,5,5,
1975,Erie,Pacific Salmon,,,0,0,0,54,54,
1976,Erie,Pacific Salmon,,,0,0,0,18,18,"ONT: PCB contamination resulted in closure of the fishery, August 1976."
1977,Erie,Pacific Salmon,,,0,0,0,2,2,
1978,Erie,Pacific Salmon,0,0,0,0,0,0,0,
1979,Erie,Pacific Salmon,0,0,0,0,0,21,21,
1980,Erie,Pacific Salmon,0,0,0,0,0,22,22,
1981,Erie,Pacific Salmon,0,0,0,0,0,33,33,
1982,Erie,Pacific Salmon,0,0,0,0,0,37,37,
1983,Erie,Pacific Salmon,0,0,0,0,0,49,49,
1984,Erie,Pacific Salmon,0,0,0,0,0,0,0,
1985,Erie,Pacific Salmon,0,0,0,0,0,0,0,
1986,Erie,Pacific Salmon,0,0,0,0,0,0,0,
1987,Erie,Pacific Salmon,0,0,0,0,0,0,0,
1988,Erie,Pacific Salmon,0,0,0,0,0,0,0,
1989,Erie,Pacific Salmon,0,0,0,0,0,0,0,
1990,Erie,Pacific Salmon,0,0,0,0,0,0,0,
1991,Erie,Pacific Salmon,0,0,0,0,0,0,0,
1992,Erie,Pacific Salmon,0,0,0,0,0,0,0,
1993,Erie,Pacific Salmon,0,0,0,0,0,0,0,
1994,Erie,Pacific Salmon,0,0,0,0,0,0,0,
1995,Erie,Pacific Salmon,0,0,0,0,0,0,0,
1996,Erie,Pacific Salmon,0,0,0,0,0,0,0,
1997,Erie,Pacific Salmon,0,0,0,0,0,0,0,
1998,Erie,Pacific Salmon,0,0,0,0,0,0,0,
1999,Erie,Pacific Salmon,0,0,0,0,0,0,0,
2015,Erie,Pacific Salmon,,,,0,0,,0,
1978,Erie,Quillback,0,0,103,0,103,0,103,
1979,Erie,Quillback,0,0,83,0,83,0,83,
1980,Erie,Quillback,0,0,79,0,79,0,79,
1981,Erie,Quillback,0,0,96,0,96,0,96,
1982,Erie,Quillback,1,0,114,0,115,0,115,
1983,Erie,Quillback,2,0,101,0,103,0,103,
1984,Erie,Quillback,56,0,108,0,164,0,164,
1985,Erie,Quillback,87,0,106,0,193,0,193,
1986,Erie,Quillback,2,0,126,0,128,0,128,
1987,Erie,Quillback,1,0,109,0,110,0,110,
1988,Erie,Quillback,1,0,59,0,60,0,60,
1989,Erie,Quillback,1,0,71,0,72,0,72,
1990,Erie,Quillback,0,0,134,0,134,0,134,
1991,Erie,Quillback,7,0,178,0,185,0,185,
1992,Erie,Quillback,30,0,293,0,323,0,323,
1993,Erie,Quillback,28,0,252,0,280,0,280,
1994,Erie,Quillback,9,0,277,0,286,0,286,
1995,Erie,Quillback,66,0,262,0,328,0,328,
1996,Erie,Quillback,74,0,193,0,267,0,267,
1997,Erie,Quillback,34,0,158,0,192,0,192,ONT: Data is Processor weight (thousands of pounds)
1998,Erie,Quillback,23,0,227,0,250,0,250,
1999,Erie,Quillback,0,0,171,0,171,0,171,
2000,Erie,Quillback,,,140,,140,,140,
2001,Erie,Quillback,0.31,,150,,150.31,,150.31,
2002,Erie,Quillback,1.3,170,,,171.3,,171.3,
2003,Erie,Quillback,2.15,,227,,229.15,,229.15,
2004,Erie,Quillback,3.4,,191,,194.4,,194.4,
2005,Erie,Quillback,1.6,264,,,265.6,61,326.6,
2006,Erie,Quillback,5.03,,250,,255.03,,255.03,
2007,Erie,Quillback,9.9,,211,,220.9,,220.9,
2008,Erie,Quillback,2.257,,197,,199.257,,199.257,
2009,Erie,Quillback,3.9,,211,,214.9,,214.9,
2010,Erie,Quillback,107.037,,183,,290.037,15,305.037,
2011,Erie,Quillback,84.727,,181.3,,266.027,17,283.027,
2012,Erie,Quillback,92.415,,138.053,,230.468,23,253.468,
2013,Erie,Quillback,139.048,,145.327,,284.375,,284.375,
2014,Erie,Quillback,70.18,,132.892,,203.072,9,212.072,
2015,Erie,Quillback,76.203,,129.521,,205.724,24,229.724,
2016,Erie,Quillback,69.213,,101.763,,170.976,,170.976,
2017,Erie,Quillback,25.281,,96.948,,122.229,,122.229,
2018,Erie,Quillback,11.335,,79.428,,90.763,,90.763,
2019,Erie,Quillback,13.288,,117.077,,130.365,,130.365,
2020,Erie,Quillback,13.152,,124.502,,137.654,,137.654,
1952,Erie,Rainbow Smelt,0,0,0,1,1,374,375,
1953,Erie,Rainbow Smelt,0,0,0,0,0,1030,1030,
1954,Erie,Rainbow Smelt,0,0,0,0,0,1266,1266,
1955,Erie,Rainbow Smelt,,0,,0,0,2040,2040,
1956,Erie,Rainbow Smelt,,0,0,,0,3694,3694,
1957,Erie,Rainbow Smelt,,2,,,2,4473,4475,
1958,Erie,Rainbow Smelt,,0,,1,1,4656,4657,
1959,Erie,Rainbow Smelt,,2,11,2,15,6843,6858,
1960,Erie,Rainbow Smelt,,0,28,1,29,11467,11496,
1961,Erie,Rainbow Smelt,0,1,15,1,17,12835,12852,
1962,Erie,Rainbow Smelt,,0,0,74,74,19108,19182,
1963,Erie,Rainbow Smelt,,0,0,306,306,10524,10830,
1964,Erie,Rainbow Smelt,,0,1,445,446,12735,13181,
1965,Erie,Rainbow Smelt,,,2,0,2,11711,11713,
1966,Erie,Rainbow Smelt,,,9,0,9,15914,15923,
1967,Erie,Rainbow Smelt,,0,0,3,3,12501,12504,
1968,Erie,Rainbow Smelt,,0,0,1,1,12223,12224,
1969,Erie,Rainbow Smelt,,0,1,1,2,15076,15078,
1970,Erie,Rainbow Smelt,,,0,2,2,9402,9404,
1971,Erie,Rainbow Smelt,,0,1,1,2,13130,13132,
1972,Erie,Rainbow Smelt,,0,1,1,2,10519,10521,
1973,Erie,Rainbow Smelt,,,,0,0,17062,17062,
1974,Erie,Rainbow Smelt,,,5,1,6,15800,15806,
1975,Erie,Rainbow Smelt,,2,9,2,13,16921,16934,
1976,Erie,Rainbow Smelt,,1,35,3,39,17190,17229,
1977,Erie,Rainbow Smelt,,1,1,1,3,22994,22997,ONT: Japan's consumption of small smelt increased as supplies of capelin dwindled and the value of the yen increased.  The Japanese demand for small fish complemented that of North Americans for larger smelt.
1978,Erie,Rainbow Smelt,0,1,14,6,21,26609,26630,
1979,Erie,Rainbow Smelt,0,1,0,2,3,23857,23860,
1980,Erie,Rainbow Smelt,0,0,0,6,6,25103,25109,
1981,Erie,Rainbow Smelt,0,1,0,17,18,30308,30326,
1982,Erie,Rainbow Smelt,0,1,0,18,19,43547,43566,
1983,Erie,Rainbow Smelt,0,0,0,6,6,29488,29494,
1984,Erie,Rainbow Smelt,0,0,18,2,20,16465,16485,
1985,Erie,Rainbow Smelt,0,0,5,3,8,25470,25478,
1986,Erie,Rainbow Smelt,0,0,0,1,1,17462,17463,
1987,Erie,Rainbow Smelt,0,0,0,0,0,25561,25561,
1988,Erie,Rainbow Smelt,0,0,0,0,0,20404,20404,
1989,Erie,Rainbow Smelt,0,0,0,0,0,16156,16156,
1990,Erie,Rainbow Smelt,0,0,0,0,0,17835,17835,
1991,Erie,Rainbow Smelt,0,0,0,0,0,20221,20221,
1992,Erie,Rainbow Smelt,0,0,0,0,0,12711,12711,
1993,Erie,Rainbow Smelt,0,0,0,0,0,17505,17505,
1994,Erie,Rainbow Smelt,0,0,0,0,0,10593,10593,
1995,Erie,Rainbow Smelt,0,0,0,0,0,12121,12121,
1996,Erie,Rainbow Smelt,0,0,0,0,0,8745,8745,
1997,Erie,Rainbow Smelt,0,0,0,0,0,13062,13062,ONT: Data is Processor weight (thousands of pounds)
1998,Erie,Rainbow Smelt,0,0,0,0,0,14190,14190,
1999,Erie,Rainbow Smelt,0,0,0,0,0,12521,12521,
2000,Erie,Rainbow Smelt,,,,,,7162,7162,Canadian data is processor weight
2001,Erie,Rainbow Smelt,,,,,,9345,9345,Canadian data is processor weight
2002,Erie,Rainbow Smelt,,,,,,7480,7480,Canadian data is landed weight
2003,Erie,Rainbow Smelt,,,,,,7395,7395,Canadian data is landed weight
2004,Erie,Rainbow Smelt,,,,,,12967,12967,Canadian data is landed weight
2005,Erie,Rainbow Smelt,,,,,,6881,6881,Canadian data is landed weight
2006,Erie,Rainbow Smelt,,,,,,1847,1847,
2007,Erie,Rainbow Smelt,,,,1,,9884,9884,
2008,Erie,Rainbow Smelt,,,,0,0,8219,8219,
2009,Erie,Rainbow Smelt,,,,1,1,8067,8068,
2010,Erie,Rainbow Smelt,,,,1,1,3254,3255,
2011,Erie,Rainbow Smelt,,,,0,0,5910,5910,
2012,Erie,Rainbow Smelt,,,,0,0,7452,7452,
2013,Erie,Rainbow Smelt,,,,,,6935.315,6935.315,
2014,Erie,Rainbow Smelt,,,,,,6051.15,6051.15,
2015,Erie,Rainbow Smelt,,,,,,8333.046,8333.046,
2016,Erie,Rainbow Smelt,,,,,,10738.667,10738.667,
2017,Erie,Rainbow Smelt,,,,,,7897.633,7897.633,
2018,Erie,Rainbow Smelt,,,,,,2557.833,2557.833,
2019,Erie,Rainbow Smelt,,,,,,1325.053,1325.053,
2020,Erie,Rainbow Smelt,,,,,,5477.695,5477.695,
1978,Erie,Rock Bass,0,0,0,0,0,27,27,
1979,Erie,Rock Bass,0,0,0,0,0,48,48,
1980,Erie,Rock Bass,0,0,0,0,0,52,52,
1981,Erie,Rock Bass,0,0,0,0,0,31,31,
1982,Erie,Rock Bass,0,0,0,0,0,29,29,
1983,Erie,Rock Bass,0,0,0,0,0,45,45,
1984,Erie,Rock Bass,0,0,0,0,0,27,27,
1985,Erie,Rock Bass,0,1,0,0,1,2,3,
1986,Erie,Rock Bass,0,1,0,0,1,0,1,
1987,Erie,Rock Bass,0,3,0,0,3,2,5,
1988,Erie,Rock Bass,0,1,0,0,1,1,2,
1989,Erie,Rock Bass,0,1,0,0,1,2,3,
1990,Erie,Rock Bass,0,0,1,0,1,2,3,
1991,Erie,Rock Bass,0,1,0,0,1,2,3,
1992,Erie,Rock Bass,0,1,0,0,1,3,4,
1993,Erie,Rock Bass,0,3,0,0,3,1,4,
1994,Erie,Rock Bass,0,2,0,0,2,1,3,
1995,Erie,Rock Bass,0,3,0,0,3,1,4,
1996,Erie,Rock Bass,0,2,0,2,4,0,4,
1997,Erie,Rock Bass,0,1,0,0,1,1,2,ONT: Data is Processor weight (thousands of pounds)
1998,Erie,Rock Bass,0,0,0,0,0,11,11,
1999,Erie,Rock Bass,0,1,0,0,1,12,13,
2000,Erie,Rock Bass,,0,,,0,0,0,Canadian data is processor weight
2001,Erie,Rock Bass,,0,,,0,0,0,Canadian data is processor weight
2002,Erie,Rock Bass,,,,1,1,0,1,Canadian data is landed weight
2003,Erie,Rock Bass,,0,,,0,0,0,Canadian data is landed weight
2004,Erie,Rock Bass,,0,,,0,0,0,Canadian data is landed weight
2005,Erie,Rock Bass,,,,0,0,0,0,Canadian data is landed weight
2006,Erie,Rock Bass,,0,,,0,0,0,
2007,Erie,Rock Bass,,0,,0,0,0,0,
2008,Erie,Rock Bass,,0,,0,0,0,0,
2009,Erie,Rock Bass,,0,,0,0,0,0,
2010,Erie,Rock Bass,,0,,0,0,0,0,
2011,Erie,Rock Bass,,0,,0,0,0,0,
2012,Erie,Rock Bass,,0,,0,0,5,5,
2013,Erie,Rock Bass,,0,,,0,0.038,0.038,
2014,Erie,Rock Bass,,0,,,0,0.043,0.043,
2015,Erie,Rock Bass,,0,,,0,0.013,0.013,
2016,Erie,Rock Bass,,,,,,0.027,0.027,
2017,Erie,Rock Bass,,,,,,0.037,0.037,
2018,Erie,Rock Bass,,,,,,0.029,0.029,
2019,Erie,Rock Bass,,,,,,0.031,0.031,
2020,Erie,Rock Bass,,,,,,0.011,0.011,
2019,Erie,Round Whitefish,1.485,,,,1.485,,1.485,
1885,Erie,Sauger,91,73,5275,30,5469,,5469,
1886,Erie,Sauger,,,,,,,,
1887,Erie,Sauger,,,,,,,,
1888,Erie,Sauger,,,,,,,,
1889,Erie,Sauger,,,,,,,,
1890,Erie,Sauger,306,,3843,31,4180,,4180,
1891,Erie,Sauger,20,,,,,,,
1892,Erie,Sauger,101,,,,,,,
1893,Erie,Sauger,37,,,,,,,
1894,Erie,Sauger,57,,,,,,,
1895,Erie,Sauger,75,,,,,,,
1896,Erie,Sauger,113,,,,,,,
1897,Erie,Sauger,102,,4806,,4908,,4908,
1898,Erie,Sauger,116,,,,,,,
1899,Erie,Sauger,85,9,2962,11,3067,,3067,
1900,Erie,Sauger,208,,,,,,,
1901,Erie,Sauger,169,,,,,,,
1902,Erie,Sauger,125,,,,,,,
1903,Erie,Sauger,142,7,1858,7,2014,,2014,
1904,Erie,Sauger,93,,,,,,,
1905,Erie,Sauger,151,,,,,,,
1906,Erie,Sauger,205,,,,,,,
1907,Erie,Sauger,111,,,,,,,
1908,Erie,Sauger,140,40,2358,19,2557,,2557,
1909,Erie,Sauger,,,,,,,,
1910,Erie,Sauger,,,,,,,,
1911,Erie,Sauger,,,,,,,,
1912,Erie,Sauger,,,,,,,,
1913,Erie,Sauger,,,1248,,1248,,1248,OH: Records cover only part of season.
1914,Erie,Sauger,,,4561,,4561,,4561,
1915,Erie,Sauger,,,4523,,4523,,4523,
1916,Erie,Sauger,,,6181,,6181,,6181,
1917,Erie,Sauger,,,4334,,4334,,4334,
1918,Erie,Sauger,,,2095,,2095,,2095,
1919,Erie,Sauger,,,2652,,2652,,2652,
1920,Erie,Sauger,,,2926,,2926,,2926,
1921,Erie,Sauger,,,5004,,5004,,5004,
1922,Erie,Sauger,,,3409,,3409,,3409,
1923,Erie,Sauger,,,3312,,3312,,3312,
1924,Erie,Sauger,,,1829,,1829,,1829,
1925,Erie,Sauger,,,2119,,2119,,2119,
1926,Erie,Sauger,6,,1545,,1551,,1551,
1927,Erie,Sauger,24,,1144,,1168,,1168,
1928,Erie,Sauger,14,,1492,,1506,,1506,
1929,Erie,Sauger,15,,1529,1,1545,,1545,
1930,Erie,Sauger,24,,1508,,1532,,1532,
1931,Erie,Sauger,27,,1999,,2026,,2026,
1932,Erie,Sauger,62,,3089,,3151,,3151,
1933,Erie,Sauger,67,,2152,,2219,,2219,
1934,Erie,Sauger,47,,738,,785,,785,
1935,Erie,Sauger,58,,1479,,1537,,1537,
1936,Erie,Sauger,33,,1704,,1737,,1737,
1937,Erie,Sauger,42,1,1172,,1215,,1215,
1938,Erie,Sauger,42,0,802,,844,,844,
1939,Erie,Sauger,79,0,1661,,1740,,1740,
1940,Erie,Sauger,32,,579,,611,,611,
1941,Erie,Sauger,34,,739,,773,,773,
1942,Erie,Sauger,46,,1300,,1346,,1346,
1943,Erie,Sauger,13,,1033,,1046,,1046,
1944,Erie,Sauger,6,,610,,616,,616,
1945,Erie,Sauger,15,,1029,,1044,,1044,
1946,Erie,Sauger,17,,746,,763,,763,
1947,Erie,Sauger,23,,365,0,388,,388,
1948,Erie,Sauger,4,,246,,250,,250,
1949,Erie,Sauger,11,,379,,390,,390,
1950,Erie,Sauger,12,,476,,488,,488,
1951,Erie,Sauger,9,,388,,397,,397,
1952,Erie,Sauger,1,0,203,,204,188,392,
1953,Erie,Sauger,4,,189,,193,137,330,
1954,Erie,Sauger,1,,76,,77,87,164,
1955,Erie,Sauger,0,,14,,14,62,76,
1956,Erie,Sauger,0,,12,,12,4,16,
1957,Erie,Sauger,0,,7,,7,3,10,
1958,Erie,Sauger,0,,1,,1,0,1,
1959,Erie,Sauger,,0,1,,1,,1,
1960,Erie,Sauger,,,2,0,2,2,4,
1961,Erie,Sauger,,,0,,0,0,0,
1962,Erie,Sauger,,,0,,0,,0,
1963,Erie,Sauger,,,0,,0,,0,
1964,Erie,Sauger,,,0,,0,0,0,
1965,Erie,Sauger,,,0,,0,,0,
1966,Erie,Sauger,,,0,,0,,0,
1967,Erie,Sauger,,,0,,0,0,0,
1968,Erie,Sauger,,,0,,0,1,1,OH: fishery closed.
1969,Erie,Sauger,,,,,0,,0,
1970,Erie,Sauger,,,,,0,,0,
1971,Erie,Sauger,,,,0,0,,0,
1972,Erie,Sauger,,,,,0,,0,
1973,Erie,Sauger,,,,,0,,0,
1974,Erie,Sauger,,,,,0,,0,
1975,Erie,Sauger,,,,,0,,0,
1976,Erie,Sauger,,,,,0,0,0,
1977,Erie,Sauger,,,,,0,0,0,
1889,Erie,Suckers,33,56,912,71,1072,,1072,
1890,Erie,Suckers,,,,,,,,
1891,Erie,Suckers,124,,,,,,,
1892,Erie,Suckers,77,,,,,,,
1893,Erie,Suckers,296,,,,1361,,1361,
1894,Erie,Suckers,274,,,,,,,
1895,Erie,Suckers,277,,,,,,,
1896,Erie,Suckers,271,,,,,,,
1897,Erie,Suckers,137,,,,,,,
1898,Erie,Suckers,274,,,,,,,
1899,Erie,Suckers,243,93,1172,120,1628,,1628,
1900,Erie,Suckers,282,,,,,,,
1901,Erie,Suckers,390,,,,,,,
1902,Erie,Suckers,266,,,,,,,
1903,Erie,Suckers,305,61,453,58,877,,877,
1904,Erie,Suckers,255,,,,,,,
1905,Erie,Suckers,222,,,,,,,
1906,Erie,Suckers,353,,,,,,,
1907,Erie,Suckers,370,,,,,,,
1908,Erie,Suckers,349,40,1377,44,1810,,1810,
1909,Erie,Suckers,,,,,,,,
1910,Erie,Suckers,,,,,,,,
1911,Erie,Suckers,,,,,,,,
1912,Erie,Suckers,137,,,,137,,137,
1913,Erie,Suckers,126,9,330,,465,,465,OH: Records cover only part of season.
1914,Erie,Suckers,120,34,1197,,1351,,1351,
1915,Erie,Suckers,219,59,845,,1123,,1123,
1916,Erie,Suckers,252,33,1036,,1321,,1321,
1917,Erie,Suckers,148,33,877,,1058,,1058,
1918,Erie,Suckers,92,47,772,,911,,911,
1919,Erie,Suckers,222,71,661,,954,,954,
1920,Erie,Suckers,65,59,938,,1062,,1062,
1921,Erie,Suckers,96,,1324,,1420,,1420,
1922,Erie,Suckers,161,,830,,991,,991,
1923,Erie,Suckers,134,76,828,,1038,,1038,
1924,Erie,Suckers,95,45,544,,684,,684,
1925,Erie,Suckers,80,,,,905,,905,
1926,Erie,Suckers,89,56,899,,1044,,1044,
1927,Erie,Suckers,71,79,972,20,1142,,1142,
1928,Erie,Suckers,44,36,1208,30,1318,,1318,
1929,Erie,Suckers,57,11,1211,14,1293,,1293,
1930,Erie,Suckers,162,131,1702,29,2024,,2024,
1931,Erie,Suckers,173,22,1184,38,1417,,1417,
1932,Erie,Suckers,140,73,1095,14,1322,,1322,
1933,Erie,Suckers,145,16,1341,23,1525,,1525,
1934,Erie,Suckers,102,45,853,24,1024,,1024,
1935,Erie,Suckers,86,33,944,24,1087,,1087,
1936,Erie,Suckers,74,6,847,19,946,,946,
1937,Erie,Suckers,70,13,1011,9,1103,,1103,
1938,Erie,Suckers,42,25,674,15,756,,756,
1939,Erie,Suckers,51,27,919,12,1009,,1009,
1940,Erie,Suckers,23,5,672,14,714,,714,
1941,Erie,Suckers,32,6,640,20,698,,698,
1942,Erie,Suckers,45,3,638,13,699,,699,
1943,Erie,Suckers,54,3,509,10,576,,576,
1944,Erie,Suckers,35,1,416,4,456,,456,
1945,Erie,Suckers,50,2,370,5,427,,427,
1946,Erie,Suckers,47,1,378,6,432,,432,
1947,Erie,Suckers,56,1,506,5,568,,568,
1948,Erie,Suckers,42,2,422,3,469,,469,
1949,Erie,Suckers,37,6,585,6,634,,634,
1950,Erie,Suckers,49,5,591,5,650,,650,
1951,Erie,Suckers,31,2,517,8,558,,558,
1952,Erie,Suckers,27,2,587,10,626,334,960,
1953,Erie,Suckers,22,4,320,6,352,205,557,
1954,Erie,Suckers,20,2,333,5,360,220,580,
1955,Erie,Suckers,11,3,237,5,256,175,431,
1956,Erie,Suckers,20,8,238,3,269,131,400,
1957,Erie,Suckers,19,6,291,12,328,163,491,
1958,Erie,Suckers,39,4,186,15,244,115,359,
1959,Erie,Suckers,18,11,199,21,249,135,384,
1960,Erie,Suckers,31,1,213,4,249,77,326,
1961,Erie,Suckers,62,10,254,4,330,73,403,
1962,Erie,Suckers,56,1,202,2,261,63,324,
1963,Erie,Suckers,62,1,161,1,225,57,282,
1964,Erie,Suckers,54,0,183,2,239,88,327,
1965,Erie,Suckers,58,0,138,0,196,73,269,
1966,Erie,Suckers,44,2,140,0,186,59,245,"OH: Minimum size limit changed from 12'' to 10'', 1 March 1966."
1967,Erie,Suckers,52,12,113,1,178,76,254,
1968,Erie,Suckers,10,10,121,1,142,20,162,
1969,Erie,Suckers,25,33,110,4,172,16,188,
1970,Erie,Suckers,10,7,104,1,122,20,142,
1971,Erie,Suckers,,5,120,3,128,13,141,
1972,Erie,Suckers,6,32,114,2,154,57,211,
1973,Erie,Suckers,10,,114,,124,21,145,
1974,Erie,Suckers,2,22,89,,113,19,132,
1975,Erie,Suckers,2,30,54,,86,27,113,
1976,Erie,Suckers,1,16,63,1,81,23,104,
1977,Erie,Suckers,0,19,33,1,53,19,72,
1978,Erie,Suckers,1,11,34,1,47,29,76,
1979,Erie,Suckers,3,25,42,6,76,30,106,
1980,Erie,Suckers,0,7,33,16,56,68,124,
1981,Erie,Suckers,0,8,39,33,80,33,113,
1982,Erie,Suckers,0,20,42,19,81,15,96,
1983,Erie,Suckers,0,15,50,10,75,29,104,
1984,Erie,Suckers,0,19,20,7,46,17,63,
1985,Erie,Suckers,1,24,30,18,73,9,82,
1986,Erie,Suckers,0,0,34,5,39,6,45,
1987,Erie,Suckers,0,2,42,7,51,3,54,
1988,Erie,Suckers,0,1,21,8,30,1,31,
1989,Erie,Suckers,0,1,39,5,45,2,47,
1990,Erie,Suckers,0,2,41,3,46,2,48,
1991,Erie,Suckers,0,1,40,11,52,4,56,
1992,Erie,Suckers,0,1,55,6,62,10,72,
1993,Erie,Suckers,0,1,53,10,64,5,69,
1994,Erie,Suckers,0,1,68,20,89,67,156,
1995,Erie,Suckers,0,0,77,11,88,8,96,
1996,Erie,Suckers,4,1,62,5.705,72.705,15,87.705,
1997,Erie,Suckers,0,0,57,3.989,60.989,14,74.989,ONT: Data is Processor weight (thousands of pounds)
1998,Erie,Suckers,6,0,51,4.827,61.827,4,65.827,
1999,Erie,Suckers,2,0,32,2.43,36.43,4,40.43,
2000,Erie,Suckers,,,30,1.298,31.298,5,36.298,Canadian data is processor weight
2001,Erie,Suckers,,,41,1.042,42.042,1,43.042,Canadian data is processor weight
2002,Erie,Suckers,,33,1,0.65,34.65,7,41.65,Canadian data is landed weight
2003,Erie,Suckers,,0,15,1.323,16.323,0,16.323,Canadian data is landed weight
2004,Erie,Suckers,0.55,0,30,1.75,32.3,76,108.3,Canadian data is landed weight
2005,Erie,Suckers,2.39,42,6,5.572,55.962,80,135.962,Canadian data is landed weight
2006,Erie,Suckers,1.41,0,33,5.825,40.235,59,99.235,
2007,Erie,Suckers,9.712,0,17,3.949,30.661,25,55.661,
2008,Erie,Suckers,11.244,0,24,2.282,37.526,40,77.526,
2009,Erie,Suckers,11.339,0,37,2.484,50.823,52,102.823,
2010,Erie,Suckers,7.919,0,22,2.54,32.459,14,46.459,ONT total includes <100 lbs of redhorse
2011,Erie,Suckers,17.435,0,33.724,0.011,51.17,16,67.17,ONT total includes <100 lbs of redhorse
2012,Erie,Suckers,12.772,0,20.168,0.474,33.414,21,54.414,
2013,Erie,Suckers,10.276,0,18.48,,28.756,34.451,63.207,
2014,Erie,Suckers,1.5,0,5.978,,7.478,21.473,28.951,
2015,Erie,Suckers,0.332,0,4.603,0.33,5.265,48.93,54.195,
2016,Erie,Suckers,0.705,,8.179,0.2,9.084,73.08,82.164,
2017,Erie,Suckers,0.12,,9.672,,9.792,53.589,63.381,
2018,Erie,Suckers,0.149,,9.437,0.12,9.706,36.003,45.709,
2019,Erie,Suckers,1.99,,12.292,,14.282,26.231,40.513,
2020,Erie,Suckers,,,6.181,1.054,7.235,9.852,17.087,
1978,Erie,Sunfish,0,0,0,0,0,51,51,
1979,Erie,Sunfish,0,0,0,0,0,59,59,
1980,Erie,Sunfish,0,0,0,0,0,38,38,
1981,Erie,Sunfish,0,0,0,0,0,71,71,
1982,Erie,Sunfish,0,0,0,0,0,59,59,
1983,Erie,Sunfish,0,0,0,0,0,60,60,
1984,Erie,Sunfish,0,0,0,0,0,68,68,
1985,Erie,Sunfish,0,0,0,0,0,0,0,
1986,Erie,Sunfish,0,0,0,0,0,0,0,
1987,Erie,Sunfish,0,0,0,0,0,0,0,
1988,Erie,Sunfish,0,0,0,0,0,0,0,
1989,Erie,Sunfish,0,0,0,0,0,0,0,
1990,Erie,Sunfish,0,0,0,0,0,61,61,
1991,Erie,Sunfish,0,0,0,0,0,0,0,
1992,Erie,Sunfish,0,0,0,0,0,0,0,
1993,Erie,Sunfish,0,0,0,0,0,0,0,
1994,Erie,Sunfish,0,0,0,0,0,0,0,
1995,Erie,Sunfish,0,0,0,0,0,0,0,
1996,Erie,Sunfish,0,0,0,0,0,0,0,
1997,Erie,Sunfish,0,0,0,0,0,0,0,
1998,Erie,Sunfish,0,0,0,0,0,56,56,
1999,Erie,Sunfish,0,0,0,0,0,50,50,
2002,Erie,Sunfish,,,,0,0,,0,
2003,Erie,Sunfish,,0,,,0,,0,
2004,Erie,Sunfish,,,,,,,,
2005,Erie,Sunfish,,,,,,,,
2006,Erie,Sunfish,,,,,,,,
2007,Erie,Sunfish,,,,2,2,,4,
2008,Erie,Sunfish,,,,1,1,,2,
2009,Erie,Sunfish,,,,1,1,,2,
2010,Erie,Sunfish,,,,0,0,0,0,
2011,Erie,Sunfish,,0,,0,0,,0,
2012,Erie,Sunfish,,0,,0,0,15,15,
2013,Erie,Sunfish,,0,,,0,,0,
2014,Erie,Sunfish,,,,,,0,0,Includes Pomoxis
2015,Erie,Sunfish,,,,,,,,
2016,Erie,Sunfish,,,,,,,,
2017,Erie,Sunfish,,,,,,,,
2018,Erie,Sunfish,,,,,,,,
2019,Erie,Sunfish,,,,,,,,
2020,Erie,Sunfish,,,,,,,,
2015,Erie,Sunfish,,,,,,0,0,Includes Pomoxis
1885,Erie,Walleye,230,878,1402,195,2705,,4302,
1886,Erie,Walleye,,,,,,,,
1887,Erie,Walleye,,,,,,,,
1888,Erie,Walleye,,,,,,,,
1889,Erie,Walleye,55,,,,,,,
1890,Erie,Walleye,311,71,1645,125,2152,,3922,
1891,Erie,Walleye,83,,,,,,,
1892,Erie,Walleye,173,,,,,,,
1893,Erie,Walleye,107,,,,,,,
1894,Erie,Walleye,233,,,,,,,
1895,Erie,Walleye,429,,,,,,,
1896,Erie,Walleye,591,,,,,,,
1897,Erie,Walleye,418,19,1065,27,1529,,2621,
1898,Erie,Walleye,440,,,,,,,
1899,Erie,Walleye,560,22,1196,67,1845,,3108,
1900,Erie,Walleye,191,,,,,,,
1901,Erie,Walleye,401,,,,,,,
1902,Erie,Walleye,446,,,,,,,
1903,Erie,Walleye,275,21,637,14,947,,1598,
1904,Erie,Walleye,189,,,,,,,
1905,Erie,Walleye,452,,,,,,,
1906,Erie,Walleye,397,,,,,,,
1907,Erie,Walleye,403,,,,,,,
1908,Erie,Walleye,458,3,2260,12,2733,,5005,
1909,Erie,Walleye,,,,,,,,
1910,Erie,Walleye,,,,,,,,
1911,Erie,Walleye,,,,,,,,
1912,Erie,Walleye,134,,,,134,,134,
1913,Erie,Walleye,144,4,264,10,422,,696,OH: Records cover only part of season. 
1914,Erie,Walleye,125,9,1725,7,1866,,3598,
1915,Erie,Walleye,203,14,1607,11,1835,608,2443,
1916,Erie,Walleye,112,37,1876,6,2031,599,2630,
1917,Erie,Walleye,134,6,1477,2,1619,228,1847,
1918,Erie,Walleye,46,6,762,6,820,184,1004,
1919,Erie,Walleye,28,4,565,3,600,144,744,
1920,Erie,Walleye,50,5,828,6,889,166,1055,
1921,Erie,Walleye,48,,984,6,1038,311,1349,
1922,Erie,Walleye,14,11,1026,1214,2265,505,2770,
1923,Erie,Walleye,98,6,1023,9,1136,603,1739,
1924,Erie,Walleye,99,11,892,18,1020,615,1635,
1925,Erie,Walleye,75,,1170,,1245,224,1469,
1926,Erie,Walleye,82,2,1179,10,1273,193,1466,
1927,Erie,Walleye,71,5,1269,19,1364,167,1531,
1928,Erie,Walleye,46,10,1245,13,1314,182,1496,
1929,Erie,Walleye,29,11,891,2,933,135,1068,
1930,Erie,Walleye,40,11,1815,24,1890,275,2165,
1931,Erie,Walleye,81,6,2541,16,2644,367,3011,
1932,Erie,Walleye,95,11,1900,17,2023,297,2320,
1933,Erie,Walleye,100,7,1055,20,1182,249,1431,
1934,Erie,Walleye,152,14,1167,12,1345,293,1638,
1935,Erie,Walleye,122,13,1628,21,1784,319,2103,
1936,Erie,Walleye,128,6,2483,19,2636,327,2963,
1937,Erie,Walleye,134,6,2890,30,3060,449,3509,
1938,Erie,Walleye,177,6,2923,28,3134,510,3644,
1939,Erie,Walleye,253,5,4443,67,4768,586,5354,
1940,Erie,Walleye,286,23,3517,44,3870,426,4296,
1941,Erie,Walleye,129,3,2738,39,2909,347,3256,
1942,Erie,Walleye,116,2,2826,28,2972,421,3393,
1943,Erie,Walleye,263,7,2928,25,3223,453,3676,
1944,Erie,Walleye,226,4,3245,23,3498,776,4274,
1945,Erie,Walleye,252,3,5031,33,5319,1068,6387,
1946,Erie,Walleye,494,2,5698,26,6220,739,6959,
1947,Erie,Walleye,348,2,3553,11,3914,793,4707,
1948,Erie,Walleye,403,2,3604,13,4022,799,4821,
1949,Erie,Walleye,358,6,4924,26,5314,849,6163,
1950,Erie,Walleye,331,5,5094,35,5465,1252,6717,
1951,Erie,Walleye,248,4,5418,13,5683,1522,7205,
1952,Erie,Walleye,285,3,4840,19,5147,2167,7314,
1953,Erie,Walleye,383,5,5752,23,6163,2288,8451,
1954,Erie,Walleye,221,9,4971,17,5218,2925,8143,
1955,Erie,Walleye,227,2,5540,25,5794,4774,10568,
1956,Erie,Walleye,235,18,5867,10,6130,9275,15405,
1957,Erie,Walleye,289,24,4676,46,5035,8294,13329,
1958,Erie,Walleye,292,89,3508,71,3960,5073,9033,
1959,Erie,Walleye,129,90,1309,89,1617,1384,3001,
1960,Erie,Walleye,103,60,1002,7,1172,619,1791,
1961,Erie,Walleye,105,84,594,22,805,269,1074,
1962,Erie,Walleye,53,74,302,4,433,284,717,
1963,Erie,Walleye,93,107,575,24,799,1875,2674,
1964,Erie,Walleye,122,84,342,17,565,599,1164,
1965,Erie,Walleye,87,64,256,30,437,346,783,
1966,Erie,Walleye,76,106,163,10,355,991,1346,"OH: Minimum size limit changed from 13'' to 15.5'', March 1 1966."
1967,Erie,Walleye,209,121,173,8,511,747,1258,
1968,Erie,Walleye,85,120,304,6,515,329,844,
1969,Erie,Walleye,47,91,139,5,282,193,475,
1970,Erie,Walleye,0,56,10,8,74,25,99,"OH, MI, and ONT: Fishery closed because of mercury contamination, from 13 April 1970 to 1 March 1972."
1971,Erie,Walleye,,49,,6,55,30,85,
1972,Erie,Walleye,,64,,28,92,51,143,"OH: the closure was continued but no longer on mercury contamination basis, 1 March 1972. "
1973,Erie,Walleye,,67,14,9,90,65,155,1. OH: Harvest is based on two days of fishing; 2. MI: Walleye is awarded sport fishing status.
1974,Erie,Walleye,,105,,8,113,234,347,"ONT: limited landings were allowed under special permits, as mercury levels declined."
1975,Erie,Walleye,,110,,17,127,125,252,
1976,Erie,Walleye,,65,,4,69,254,323,ONT: an interagency quota management system was implemented in 1976; Ontario allocated a portion of its quota to commercial fishermen.  Ohio and Michigan did not.
1977,Erie,Walleye,,68,,2,70,529,599,
1978,Erie,Walleye,0,55,0,15,70,589,659,
1979,Erie,Walleye,0,97,0,5,102,1195,1297,
1980,Erie,Walleye,0,56,0,24,80,1778,1858,
1981,Erie,Walleye,0,42,0,25,67,2100,2167,
1982,Erie,Walleye,0,48,0,6,54,2021,2075,
1983,Erie,Walleye,0,64,0,15,79,3111,3190,
1984,Erie,Walleye,0,79,0,5,84,4111,4195,
1985,Erie,Walleye,0,118,0,14,132,5443,5575,
1986,Erie,Walleye,0,0,0,14,14,6733,6747,
1987,Erie,Walleye,0,1,0,14,15,6783,6798,
1988,Erie,Walleye,0,0,0,12,12,7577,7589,
1989,Erie,Walleye,0,0,0,10,10,6879,6889,
1990,Erie,Walleye,0,0,0,10,10,6631,6641,
1991,Erie,Walleye,0,0,0,11,11,6147,6158,
1992,Erie,Walleye,0,0,0,10,10,6804,6814,
1993,Erie,Walleye,0,0,0,29,29,10171,10200,
1994,Erie,Walleye,0,0,0,28,28,9300,9328,
1995,Erie,Walleye,0,0,0,41,41,9930,9971,
1996,Erie,Walleye,0,0,0,0.081,0.081,10937,10937.081,
1997,Erie,Walleye,0,0,0,0.193,0.193,10700,10700.193,ONT: Data is Processor weight (thousands of pounds)
1998,Erie,Walleye,0,0,0,0.417,0.417,10333,10333.417,
1999,Erie,Walleye,0,0,0,0.229,0.229,9148,9148.229,
2000,Erie,Walleye,,,,0.183,0.183,7044,7044.183,Canadian data is processor weight
2001,Erie,Walleye,,,,0.073,0.073,3792,3792.073,Canadian data is processor weight
2002,Erie,Walleye,,,0,0.043,0.043,3928,3928.043,Canadian data is landed weight
2003,Erie,Walleye,,,,0.129,0.129,3939,3939.129,Canadian data is landed weight
2004,Erie,Walleye,,,,0.501,0.501,2820,2820.501,Canadian data is landed weight
2005,Erie,Walleye,,,1,0.83,1.83,6403,6404.83,Canadian data is landed weight
2006,Erie,Walleye,,,,2.818,2.818,7975,7977.818,
2007,Erie,Walleye,,,,1.88,1.88,5783,5784.88,
2008,Erie,Walleye,,,,1.294,1.294,4979,4980.294,
2009,Erie,Walleye,,,,2,2,3518,3520,
2010,Erie,Walleye,,,,1.109,1.109,3273,3274.109,
2011,Erie,Walleye,,,,0.001,0.001,4417,4417.001,
2012,Erie,Walleye,,,,0.059,0.059,5050,5050.059,
2013,Erie,Walleye,,,,0.264,0.264,4553.316,4553.58,
2014,Erie,Walleye,,0,,0.147,0.147,4870.521,4870.668,
2015,Erie,Walleye,,0,,3.037,3.037,4879.575,4882.612,
2016,Erie,Walleye,,,,1.554,1.554,5007.582,5009.136,
2017,Erie,Walleye,,,,1.713,1.713,5887.674,5889.387,
2018,Erie,Walleye,,,,3.46,3.46,7223.052,7226.512,
2019,Erie,Walleye,,,,4.102,4.102,7890.059,7894.161,
2020,Erie,Walleye,,,,2.203,2.203,8951.551,8953.754,
1867,Erie,Walleye and Blue Pike,,,,,,5,5,
1868,Erie,Walleye and Blue Pike,,,,,,8,8,
1869,Erie,Walleye and Blue Pike,,,,,,28,28,
1870,Erie,Walleye and Blue Pike,,,,,,71,71,
1871,Erie,Walleye and Blue Pike,,,,,,57,57,
1872,Erie,Walleye and Blue Pike,,,,,,96,96,
1873,Erie,Walleye and Blue Pike,,,,,,125,125,
1874,Erie,Walleye and Blue Pike,,,,,,133,133,
1875,Erie,Walleye and Blue Pike,,,,,,254,254,
1876,Erie,Walleye and Blue Pike,,,,,,154,154,
1877,Erie,Walleye and Blue Pike,,,,,,187,187,
1878,Erie,Walleye and Blue Pike,,,,,,199,199,
1879,Erie,Walleye and Blue Pike,,,,,,170,170,
1880,Erie,Walleye and Blue Pike,,,,,,178,178,
1881,Erie,Walleye and Blue Pike,,,,,,290,290,
1882,Erie,Walleye and Blue Pike,,,,,,304,304,
1883,Erie,Walleye and Blue Pike,,,,,,203,203,
1884,Erie,Walleye and Blue Pike,,,,,,206,206,
1885,Erie,Walleye and Blue Pike,230,2044,4554,3765,10593,695,11288,
1886,Erie,Walleye and Blue Pike,,,,,,828,828,
1887,Erie,Walleye and Blue Pike,,,,,,931,931,
1888,Erie,Walleye and Blue Pike,,,,,,1087,1087,
1889,Erie,Walleye and Blue Pike,55,428,10694,3407,14584,902,15486,
1890,Erie,Walleye and Blue Pike,311,359,5600,3371,9641,961,10602,
1891,Erie,Walleye and Blue Pike,83,,,,,895,895,
1892,Erie,Walleye and Blue Pike,173,,,,,1494,1494,
1893,Erie,Walleye and Blue Pike,107,,,,12530,1131,13661,
1894,Erie,Walleye and Blue Pike,233,,,,,1922,1922,
1895,Erie,Walleye and Blue Pike,429,,,,,1643,1643,
1896,Erie,Walleye and Blue Pike,591,,,,,947,947,
1897,Erie,Walleye and Blue Pike,418,415,2852,2696,6381,1097,7478,
1898,Erie,Walleye and Blue Pike,440,,,,,802,802,
1899,Erie,Walleye and Blue Pike,560,831,3409,1590,6390,1271,7661,
1900,Erie,Walleye and Blue Pike,191,,,,,1218,1218,
1901,Erie,Walleye and Blue Pike,401,,,,,1851,1851,
1902,Erie,Walleye and Blue Pike,446,,,,,1455,1455,
1903,Erie,Walleye and Blue Pike,275,1025,2370,2193,5863,1118,6981,
1904,Erie,Walleye and Blue Pike,189,,,,,1064,1064,
1905,Erie,Walleye and Blue Pike,452,,,,,1692,1692,
1906,Erie,Walleye and Blue Pike,397,,,,,1557,1557,
1907,Erie,Walleye and Blue Pike,403,,,,,1896,1896,
1908,Erie,Walleye and Blue Pike,458,1808,6264,2937,11467,1856,13323,
1909,Erie,Walleye and Blue Pike,,,,,,1005,1005,
1910,Erie,Walleye and Blue Pike,,,,,,924,924,
1911,Erie,Walleye and Blue Pike,,,,,,802,802,
1912,Erie,Walleye and Blue Pike,134,,,,,975,975,
1913,Erie,Walleye and Blue Pike,144,43,2068,4010,,964,964,OH: Records cover only part of season. 
1914,Erie,Walleye and Blue Pike,125,472,10270,2859,13726,2086,15812,
1899,Erie,White Bass,23,45,1056,454,1578,,1578,
1900,Erie,White Bass,4,,,,,,,
1901,Erie,White Bass,6,,,,,,,
1902,Erie,White Bass,6,,,,,,,
1903,Erie,White Bass,7,1,24,1,33,,33,
1904,Erie,White Bass,,,,,,,,
1905,Erie,White Bass,4,,,,,,,
1906,Erie,White Bass,33,,,,,,,
1907,Erie,White Bass,,,32,,,,,
1908,Erie,White Bass,40,,172,10,222,,222,
1909,Erie,White Bass,,,,,,,,MI: Commercial fishing prohibited from 1909-1933.
1910,Erie,White Bass,,,,,,,,
1911,Erie,White Bass,,,,,,,,
1912,Erie,White Bass,,,,,,,,
1913,Erie,White Bass,,,512,,512,,512,OH: Records cover only part of season.
1914,Erie,White Bass,,,478,,478,,478,
1915,Erie,White Bass,,,694,,694,,694,
1916,Erie,White Bass,,,343,,343,,343,
1917,Erie,White Bass,,,333,,333,,333,
1918,Erie,White Bass,,,129,,129,,129,
1919,Erie,White Bass,,,193,,193,,193,
1920,Erie,White Bass,,,504,,504,,504,
1921,Erie,White Bass,,,841,,841,,841,
1922,Erie,White Bass,,,821,,821,,821,
1923,Erie,White Bass,,,300,,300,,300,
1924,Erie,White Bass,,,182,,182,,182,
1925,Erie,White Bass,,,,,,,,
1926,Erie,White Bass,,,158,,158,,158,
1927,Erie,White Bass,,,117,4,121,,121,
1928,Erie,White Bass,1,0,255,30,286,,286,
1929,Erie,White Bass,,0,151,4,155,,155,
1930,Erie,White Bass,,1,444,39,484,,484,
1931,Erie,White Bass,,,396,22,418,,418,
1932,Erie,White Bass,0,3,241,9,253,,253,
1933,Erie,White Bass,,2,346,47,395,,395,
1934,Erie,White Bass,10,2,616,56,684,,684,
1935,Erie,White Bass,12,2,693,34,741,,741,
1936,Erie,White Bass,6,0,646,12,664,,664,
1937,Erie,White Bass,26,0,379,30,435,,435,
1938,Erie,White Bass,23,1,668,36,728,,728,
1939,Erie,White Bass,22,0,626,63,711,,711,
1940,Erie,White Bass,17,6,389,57,469,,469,
1941,Erie,White Bass,35,4,385,36,460,,460,
1942,Erie,White Bass,42,1,439,35,517,,517,
1943,Erie,White Bass,21,3,389,47,460,,460,
1944,Erie,White Bass,55,3,771,32,861,,861,
1945,Erie,White Bass,74,3,784,23,884,,884,
1946,Erie,White Bass,53,3,733,33,822,,822,
1947,Erie,White Bass,45,4,435,14,498,,498,
1948,Erie,White Bass,33,8,448,10,499,,499,
1949,Erie,White Bass,29,5,724,50,808,,808,
1950,Erie,White Bass,71,10,956,104,1141,,1141,
1951,Erie,White Bass,36,9,944,47,1036,,1036,
1952,Erie,White Bass,65,18,765,49,897,1422,2319,
1953,Erie,White Bass,42,24,1102,150,1318,2161,3479,
1954,Erie,White Bass,136,42,2820,299,3297,6153,9450,
1955,Erie,White Bass,120,24,2610,177,2931,4505,7436,
1956,Erie,White Bass,93,43,2136,95,2367,5715,8082,
1957,Erie,White Bass,45,13,1320,46,1424,3538,4962,
1958,Erie,White Bass,52,12,858,20,942,1813,2755,
1959,Erie,White Bass,35,24,690,68,817,1406,2223,
1960,Erie,White Bass,99,65,1418,197,1779,3255,5034,
1961,Erie,White Bass,159,23,1905,105,2192,3334,5526,
1962,Erie,White Bass,210,6,1164,10,1390,2349,3739,
1963,Erie,White Bass,126,7,1013,6,1152,1855,3007,
1964,Erie,White Bass,100,9,1415,11,1535,1723,3258,
1965,Erie,White Bass,72,4,1031,3,1110,2611,3721,
1966,Erie,White Bass,65,3,1151,2,1221,1757,2978,
1967,Erie,White Bass,61,2,1035,1,1099,822,1921,
1968,Erie,White Bass,50,4,674,0,728,750,1478,
1969,Erie,White Bass,57,3,1156,3,1219,875,2094,
1970,Erie,White Bass,4,2,1092,5,1103,196,1299,ONT: Fishery closed in Essex and Kent county waters because of mercury contamination.
1971,Erie,White Bass,48,11,929,12,1000,92,1092,"OH: Maximum gill net size increased from 3.25'' to 3.675'' Mar 15, 1971.  Fishery closed July 5, 1971, because of mercury contamination."
1972,Erie,White Bass,60,5,699,6,770,1756,2526,"OH: Catch limited to fish b/w 9'' and 10.25'' March 1, 1972.  Upper limit established because of mercury contamination."
1973,Erie,White Bass,42,14,2364,4,2424,1497,3921,"1.OH: upper size limit removed as mercury contamination reduced; 2. ONT: Development of processing techniques which produce marketable products allowed the revival, under permit, of the fishery.  Later that year, the 10.5'' minimum size limit was removed."
1974,Erie,White Bass,13,9,2886,5,2913,2346,5259,OH: Record harvest due to preceding restrictions.
1975,Erie,White Bass,5,6,1678,3,1692,2563,4255,
1976,Erie,White Bass,14,7,1499,3,1523,1120,2643,
1977,Erie,White Bass,10,6,1105,1,1122,986,2108,
1978,Erie,White Bass,6,23,1687,16,1732,1649,3381,
1979,Erie,White Bass,11,10,1942,5,1968,1679,3647,
1980,Erie,White Bass,3,7,1524,14,1548,1973,3521,
1981,Erie,White Bass,14,20,1035,65,1134,1936,3070,
1982,Erie,White Bass,2,0,604,74,680,3458,4138,
1983,Erie,White Bass,12,19,810,23,864,4577,5441,
1984,Erie,White Bass,2,18,949,12,981,4388,5369,
1985,Erie,White Bass,5,35,1300,11,1351,4707,6058,
1986,Erie,White Bass,1,0,721,7,729,3235,3964,
1987,Erie,White Bass,4,0,465,5,474,2972,3446,
1988,Erie,White Bass,1,0,128,15,144,4331,4475,
1989,Erie,White Bass,1,0,549,9,559,4496,5055,
1990,Erie,White Bass,0,0,392,6,398,3648,4046,
1991,Erie,White Bass,0,0,445,1,446,1959,2405,
1992,Erie,White Bass,0,0,382,1,383,870,1253,
1993,Erie,White Bass,1,0,225,1,227,874,1101,
1994,Erie,White Bass,2,0,364,1,367,1214,1581,
1995,Erie,White Bass,2,0,89,4,95,693,788,
1996,Erie,White Bass,3,0,101,0.096,104.096,2269,2373.096,
1997,Erie,White Bass,7,0,351,0.386,358.386,2239,2597.386,ONT: Data is Processor weight (thousands of pounds)
1998,Erie,White Bass,1,0,235,0.113,236.113,2450,2686.113,
1999,Erie,White Bass,0,0,221,0.67,221.67,2421,2642.67,
2000,Erie,White Bass,2,0,317,0.338,319.338,3122,3441.338,Canadian data is processor weight
2001,Erie,White Bass,0.492,,227,0.043,227.535,3637,3864.535,Canadian data is processor weight
2002,Erie,White Bass,3.81,162,0,0.019,165.829,6158,6323.829,Canadian data is landed weight
2003,Erie,White Bass,0,,318,0.088,318.088,3168,3486.088,Canadian data is landed weight
2004,Erie,White Bass,1.973,,359,0.11,361.083,3366,3727.083,Canadian data is landed weight
2005,Erie,White Bass,1.338,348,0,0.154,349.492,2577,2926.492,Canadian data is landed weight
2006,Erie,White Bass,5.237,0,483,0.221,488.458,2157,2645.458,
2007,Erie,White Bass,77.249,0,335,0.771,413.02,3233,3646.02,
2008,Erie,White Bass,98.041,0,424,0.129,522.17,4303,4825.17,
2009,Erie,White Bass,96.456,0,671,0.493,767.949,3097,3864.949,
2010,Erie,White Bass,37.021,0,357,0.017,394.038,3607,4001.038,
2011,Erie,White Bass,47.058,0,386.397,,433.455,1823,2256.455,
2012,Erie,White Bass,96.931,0,489.364,0.005,586.3,3594,4180.3,
2013,Erie,White Bass,188.008,0,553.93,,741.938,5352.77,6094.708,
2014,Erie,White Bass,172.126,,942.46,,1114.586,4326.688,5441.274,
2015,Erie,White Bass,179.246,,801.601,,980.847,3978.492,4959.339,
2016,Erie,White Bass,166.613,,403.998,0.213,570.824,4260.047,4830.871,
2017,Erie,White Bass,63.27,,323.999,0.002,387.271,2632.358,3019.629,
2018,Erie,White Bass,50.444,,246.058,0.064,296.566,2081.662,2378.228,
2019,Erie,White Bass,40.393,,229.729,0.024,270.146,1641.676,1911.822,
2020,Erie,White Bass,24.462,,411.591,,436.053,1470.965,1907.018,
1978,Erie,White Perch,0,0,0,0,0,0,0,
1979,Erie,White Perch,0,0,0,0,0,0,0,
1980,Erie,White Perch,0,0,0,0,0,0,0,
1981,Erie,White Perch,0,0,3,1,4,0,4,
1982,Erie,White Perch,0,0,27,1,28,9,37,
1983,Erie,White Perch,0,4,113,3,120,86,206,
1984,Erie,White Perch,0,33,131,42,206,706,912,
1985,Erie,White Perch,0,47,211,42,300,455,755,
1986,Erie,White Perch,0,0,285,62,347,455,802,
1987,Erie,White Perch,0,0,271,151,422,1048,1470,
1988,Erie,White Perch,0,0,388,206,594,2398,2992,
1989,Erie,White Perch,0,1,513,85,599,3905,4504,
1990,Erie,White Perch,0,1,786,57,844,5977,6821,
1991,Erie,White Perch,0,1,974,43,1018,6939,7957,
1992,Erie,White Perch,0,0,848,17,865,5308,6173,
1993,Erie,White Perch,0,1,338,16,355,1995,2350,
1994,Erie,White Perch,0,0,372,47,419,3024,3443,
1995,Erie,White Perch,0,0,381,32,413,1354,1767,
1996,Erie,White Perch,0,0,188,0.235,188.235,999,1187.235,
1997,Erie,White Perch,0,0,257,1.628,258.628,521,779.628,ONT: Data is Processor weight (thousands of pounds)
1998,Erie,White Perch,0,0,119,0.701,119.701,455,574.701,
1999,Erie,White Perch,0,0,131,0.201,131.201,275,406.201,
2000,Erie,White Perch,,,182,0.379,182.379,303,485.379,Canadian data is processor weight
2001,Erie,White Perch,0,,156,0.427,156.427,644,800.427,Canadian data is processor weight
2002,Erie,White Perch,,270,1,0.489,271.489,1439,1710.489,Canadian data is landed weight
2003,Erie,White Perch,,,312,0.408,312.408,1274,1586.408,Canadian data is landed weight
2004,Erie,White Perch,,0,387,0.459,387.459,1751,2138.459,Canadian data is landed weight
2005,Erie,White Perch,,429,4,3.844,436.844,2347,2783.844,Canadian data is landed weight
2006,Erie,White Perch,0.796,0,656,4.565,661.361,2190,2851.361,
2007,Erie,White Perch,35.946,0,574,6.618,616.564,2599,3215.564,
2008,Erie,White Perch,56.867,0,545,4.586,606.453,2229,2835.453,
2009,Erie,White Perch,34.522,0,680,3.895,718.417,2290,3008.417,
2010,Erie,White Perch,19.524,0,551,2.435,572.959,2208,2780.959,
2011,Erie,White Perch,31.949,0,542.746,0.472,575.167,2250,2825.167,
2012,Erie,White Perch,26.081,0,798.759,0.668,825.508,2417,3242.508,
2013,Erie,White Perch,33.506,0,625.564,,659.07,1793.434,2452.504,
2014,Erie,White Perch,42.646,0,652.359,,695.005,1790,2485.005,
2015,Erie,White Perch,53.245,0,634.378,0.021,687.644,1995.825,2683.469,
2016,Erie,White Perch,35.708,,916.127,1.156,952.991,2422.589,3375.58,
2017,Erie,White Perch,14.672,,918.909,2.293,935.874,3826.515,4762.389,
2018,Erie,White Perch,4.747,,804.243,0.871,809.861,3653.697,4463.558,
2019,Erie,White Perch,26.064,,1020.241,2.78,1049.085,3035.759,4084.844,
2020,Erie,White Perch,38.074,,1178.225,1.091,1217.39,1660.35,2877.74,
1885,Erie,Yellow Perch,100,11,1266,225,1602,,1602,
1886,Erie,Yellow Perch,,,,,,,,
1887,Erie,Yellow Perch,,,,,,,,
1888,Erie,Yellow Perch,,,,,,,,
1889,Erie,Yellow Perch,97,70,3204,459,3830,,3830,
1890,Erie,Yellow Perch,159,49,2483,209,2900,,2900,
1891,Erie,Yellow Perch,,,,,,,,
1892,Erie,Yellow Perch,138,,,,,,,
1893,Erie,Yellow Perch,223,,,,2595,,2595,
1894,Erie,Yellow Perch,155,,,,,563,563,
1895,Erie,Yellow Perch,255,,,,,397,397,
1896,Erie,Yellow Perch,202,,,,,474,474,
1897,Erie,Yellow Perch,147,95,2604,407,3253,500,3753,
1898,Erie,Yellow Perch,165,,,,,379,379,
1899,Erie,Yellow Perch,92,258,2175,816,3341,391,3732,
1900,Erie,Yellow Perch,128,,,,,695,695,
1901,Erie,Yellow Perch,136,,,,,508,508,
1902,Erie,Yellow Perch,107,,,,,566,566,
1903,Erie,Yellow Perch,81,27,625,141,874,418,1292,
1904,Erie,Yellow Perch,70,,,,,598,598,
1905,Erie,Yellow Perch,106,,,,,553,553,
1906,Erie,Yellow Perch,99,,,,,334,334,
1907,Erie,Yellow Perch,118,,,,,473,473,
1908,Erie,Yellow Perch,147,83,1441,85,1756,630,2386,
1909,Erie,Yellow Perch,,,,,,581,581,
1910,Erie,Yellow Perch,,,,,,674,674,
1911,Erie,Yellow Perch,,,,,,847,847,
1912,Erie,Yellow Perch,85,,,,85,1110,1195,
1913,Erie,Yellow Perch,66,4,685,114,869,955,1824,OH: Records cover only part of season.
1914,Erie,Yellow Perch,57,13,1888,81,2039,1408,3447,
1915,Erie,Yellow Perch,108,22,1698,105,1933,1042,2975,
1916,Erie,Yellow Perch,136,17,1370,115,1638,769,2407,
1917,Erie,Yellow Perch,140,79,866,173,1258,995,2253,
1918,Erie,Yellow Perch,68,21,919,80,1088,2056,3144,
1919,Erie,Yellow Perch,37,114,2573,51,2775,1097,3872,
1920,Erie,Yellow Perch,42,10,1189,18,1259,1272,2531,
1921,Erie,Yellow Perch,41,28,2053,70,2192,1965,4157,
1922,Erie,Yellow Perch,68,47,1758,54,1927,2109,4036,
1923,Erie,Yellow Perch,36,67,1668,98,1869,2397,4266,
1924,Erie,Yellow Perch,34,31,1677,199,1941,2192,4133,
1925,Erie,Yellow Perch,48,,2202,,2250,2060,4310,
1926,Erie,Yellow Perch,63,68,2414,76,2621,1716,4337,
1927,Erie,Yellow Perch,32,40,2468,206,2746,2491,5237,
1928,Erie,Yellow Perch,20,130,3678,447,4275,4330,8605,
1929,Erie,Yellow Perch,35,52,5779,177,6043,5689,11732,
1930,Erie,Yellow Perch,34,34,4187,85,4340,3420,7760,
1931,Erie,Yellow Perch,72,55,8455,480,9062,4265,13327,
1932,Erie,Yellow Perch,97,75,9239,330,9741,5029,14770,
1933,Erie,Yellow Perch,87,45,3025,278,3435,2729,6164,
1934,Erie,Yellow Perch,48,119,13253,798,14218,5671,19889,
1935,Erie,Yellow Perch,54,146,8303,542,9045,5634,14679,
1936,Erie,Yellow Perch,17,18,1885,131,2051,1254,3305,
1937,Erie,Yellow Perch,16,34,1596,105,1751,1691,3442,
1938,Erie,Yellow Perch,25,50,4912,200,5187,2596,7783,
1939,Erie,Yellow Perch,13,21,1493,80,1607,1407,3014,
1940,Erie,Yellow Perch,14,25,2774,216,3029,1994,5023,
1941,Erie,Yellow Perch,25,38,3596,163,3822,2050,5872,
1942,Erie,Yellow Perch,36,44,1790,89,1959,965,2924,
1943,Erie,Yellow Perch,23,21,1178,31,1253,711,1964,
1944,Erie,Yellow Perch,20,20,2092,56,2188,1373,3561,
1945,Erie,Yellow Perch,29,5,1260,58,1352,1207,2559,
1946,Erie,Yellow Perch,46,9,2535,95,2685,2418,5103,
1947,Erie,Yellow Perch,49,63,1587,97,1796,2252,4048,
1948,Erie,Yellow Perch,17,30,2530,62,2639,1939,4578,
1949,Erie,Yellow Perch,32,11,2508,108,2659,2279,4938,
1950,Erie,Yellow Perch,52,6,2430,66,2554,2166,4720,
1951,Erie,Yellow Perch,42,21,2397,66,2526,2758,5284,
1952,Erie,Yellow Perch,41,39,1556,103,1739,2204,3943,
1953,Erie,Yellow Perch,65,21,3208,123,3417,3973,7390,
1954,Erie,Yellow Perch,88,411,3991,345,4835,7749,12584,
1955,Erie,Yellow Perch,57,111,1948,292,2408,4753,7161,
1956,Erie,Yellow Perch,72,147,6417,419,7055,11573,18628,
1957,Erie,Yellow Perch,109,78,7893,513,8593,11894,20487,
1958,Erie,Yellow Perch,228,121,6061,651,7061,15410,22471,
1959,Erie,Yellow Perch,174,124,8265,786,9349,19606,28955,
1960,Erie,Yellow Perch,118,196,5297,779,6390,11654,18044,
1961,Erie,Yellow Perch,104,412,2060,1119,3695,17284,20979,
1962,Erie,Yellow Perch,97,356,5047,2049,7549,20859,28408,
1963,Erie,Yellow Perch,90,146,4524,1062,5822,17963,23785,
1964,Erie,Yellow Perch,37,84,1086,313,1520,8351,9871,
1965,Erie,Yellow Perch,69,156,2458,474,3157,18603,21760,"OH: Minimum size limit changed from 8.5'' to 8'', Mar 1 1965."
1966,Erie,Yellow Perch,137,105,3262,559,4063,20698,24761,
1967,Erie,Yellow Perch,112,106,2685,462,3365,22087,25452,
1968,Erie,Yellow Perch,173,121,2969,471,3734,24435,28169,
1969,Erie,Yellow Perch,112,113,2660,479,3364,29802,33166,
1970,Erie,Yellow Perch,53,105,2381,486,3025,19999,23024,
1971,Erie,Yellow Perch,0,106,2189,350,2645,13918,16563,
1972,Erie,Yellow Perch,19,48,1597,255,1919,15593,17512,
1973,Erie,Yellow Perch,11,130,1482,259,1882,18035,19917,
1974,Erie,Yellow Perch,2,173,1744,456,2375,12205,14580,
1975,Erie,Yellow Perch,2,145,1492,274,1913,8213,10126,
1976,Erie,Yellow Perch,1,139,1438,307,1885,4646,6531,ONT: The 8'' minimum size limit was strictly enforced.
1977,Erie,Yellow Perch,3,154,2326,386,2869,8510,11379,
1978,Erie,Yellow Perch,4,123,2109,344,2580,8806,11386,
1979,Erie,Yellow Perch,0,154,2678,314,3146,12051,15197,
1980,Erie,Yellow Perch,0,91,2784,282,3157,12609,15766,
1981,Erie,Yellow Perch,0,115,1995,312,2422,8342,10764,
1982,Erie,Yellow Perch,0,118,245,204,567,9186,9753,
1983,Erie,Yellow Perch,0,60,263,65,388,5642,6030,
1984,Erie,Yellow Perch,0,127,40,68,235,9022,9257,
1985,Erie,Yellow Perch,0,125,81,144,350,9212,9562,
1986,Erie,Yellow Perch,0,7,159,105,271,10733,11004,
1987,Erie,Yellow Perch,0,15,376,198,589,10643,11232,
1988,Erie,Yellow Perch,0,9,802,185,996,12400,13396,
1989,Erie,Yellow Perch,0,20,1695,211,1926,12085,14011,
1990,Erie,Yellow Perch,0,22,1559,185,1766,7385,9151,
1991,Erie,Yellow Perch,0,18,683,157,858,4474,5332,
1992,Erie,Yellow Perch,0,11,372,14,397,4713,5110,
1993,Erie,Yellow Perch,0,8,344,29,381,3855,4236,
1994,Erie,Yellow Perch,0,3,609,58,670,2615,3285,
1995,Erie,Yellow Perch,0,3,440,31,474,2314,2788,
1996,Erie,Yellow Perch,0,3,628,5.34,636.34,2746,3382.34,
1997,Erie,Yellow Perch,0,1,766,7.398,774.398,4067,4841.398,ONT: Data is Processor weight (thousands of pounds)
1998,Erie,Yellow Perch,0,1,580,5.281,586.281,3958,4544.281,
1999,Erie,Yellow Perch,0,1,697,2.905,700.905,3485,4185.905,
2000,Erie,Yellow Perch,,1,953,5.95,959.95,3380,4339.95,Canadian data is processor weight
2001,Erie,Yellow Perch,0,0,1039,2.702,1041.702,3677,4718.702,Canadian data is processor weight
2002,Erie,Yellow Perch,,1408,3,2.03,1413.03,4972,6385.03,Canadian data is landed weight
2003,Erie,Yellow Perch,,1,1496,5.05,1502.05,5062,6564.05,Canadian data is landed weight
2004,Erie,Yellow Perch,,4,1577,7.753,1588.753,5380,6968.753,Canadian data is landed weight
2005,Erie,Yellow Perch,,1563,15,15.228,1593.228,6163,7756.228,Canadian data is landed weight
2006,Erie,Yellow Perch,,9,1051,20.517,1080.517,8116,9196.517,
2007,Erie,Yellow Perch,,10,1951,23.471,1984.471,5765,7749.471,
2008,Erie,Yellow Perch,,11,1516,22.927,1549.927,5011,6560.927,
2009,Erie,Yellow Perch,,13,1451,35.296,1499.296,5888,7387.296,
2010,Erie,Yellow Perch,,12,1284,36.026,1332.026,6606,7938.026,
2011,Erie,Yellow Perch,,15,1554.858,1.542,1571.4,6370,7941.4,
2012,Erie,Yellow Perch,,18,1754.737,15.405,1788.142,6910,8698.142,
2013,Erie,Yellow Perch,,15.814,1530.595,0.79,1547.199,5932.815,7480.014,
2014,Erie,Yellow Perch,,10.356,1546.147,0.506,1557.009,5454.658,7011.667,
2015,Erie,Yellow Perch,,12.565,1271.091,6.854,1290.51,4460.294,5750.804,
2016,Erie,Yellow Perch,,11.465,1141.222,51.148,1203.835,4482.385,5686.22,
2017,Erie,Yellow Perch,,12.366,1487.689,45.741,1545.796,4982.985,6528.781,
2018,Erie,Yellow Perch,,10.657,1407.187,51.093,1468.937,4613.968,6082.905,
2019,Erie,Yellow Perch,,18.75,930.963,34.323,984.036,3443.108,4427.144,
2020,Erie,Yellow Perch,,14.837,556.456,14.961,586.254,2128.686,2714.94,
